CUADRO Nº 01;;;;;;;;;;
PERÚ: POBLACIÓN TOTAL PROYECTADA AL 30 DE JUNIO DE CADA AÑO, SEGÚN DEPARTAMENTO, PROVINCIA Y DISTRITO, 2018-2026;;;;;;;;;;
(Información de carácter referencial);;;;;;;;;;
UBIGEO;Departamento, provincia y distrito;Población proyectada  1/;;;;;;;;
;;2018;2019;2020;2021;2022;2023;2024;2025;2026
;;;;;;;;;;
000000;PERÚ;31,562,130;32,131,400;32,625,948;33,035,304;33,396,698;33,725,844;34,038,457;34,350,244;34,660,114
010000;AMAZONAS;419,833;423,863;426,806;428,512;429,483;429,943;430,123;430,251;430,305
010100;CHACHAPOYAS;61,078;62,207;63,188;63,661;64,058;64,403;64,718;65,024;65,320
010101;CHACHAPOYAS;36,602;37,870;39,051;39,691;40,274;40,817;41,335;41,843;42,342
010102;ASUNCION;283;281;278;277;276;273;271;269;267
010103;BALSAS;1,222;1,202;1,180;1,169;1,158;1,147;1,137;1,125;1,113
010104;CHETO;687;696;702;705;707;710;713;716;719
010105;CHILIQUIN;619;604;589;581;575;568;561;554;547
010106;CHUQUIBAMBA;1,970;1,955;1,933;1,922;1,910;1,898;1,884;1,872;1,860
010107;GRANADA;523;532;539;541;543;546;549;551;553
010108;HUANCAS;1,334;1,395;1,456;1,481;1,500;1,515;1,526;1,538;1,550
010109;LA JALCA;4,187;4,080;3,966;3,834;3,697;3,558;3,418;3,279;3,140
010110;LEIMEBAMBA;3,862;3,845;3,815;3,799;3,781;3,759;3,738;3,716;3,693
010111;LEVANTO;830;817;803;796;789;781;774;768;762
010112;MAGDALENA;913;913;911;910;906;903;900;895;890
010113;MARISCAL CASTILLA;1,474;1,507;1,534;1,561;1,586;1,609;1,631;1,653;1,675
010114;MOLINOPAMPA;2,320;2,296;2,266;2,251;2,235;2,218;2,201;2,185;2,169
010115;MONTEVIDEO;519;503;487;479;472;465;459;452;445
010116;OLLEROS;422;429;435;438;441;444;446;448;450
010117;QUINJALCA;819;807;792;785;778;770;763;757;751
010118;SAN FRANCISCO DE DAGUAS;321;323;323;325;326;329;332;335;338
010119;SAN ISIDRO DE MAINO;608;599;590;585;581;576;570;565;560
010120;SOLOCO;1,293;1,279;1,261;1,252;1,243;1,234;1,224;1,214;1,204
010121;SONCHE;270;274;277;279;280;283;286;289;292
010200;BAGUA;82,816;83,850;84,672;85,375;85,835;86,129;86,333;86,525;86,699
010201;BAGUA ;29,096;29,540;29,905;30,240;30,479;30,652;30,790;30,921;31,045
010202;ARAMANGO;10,422;10,300;10,149;10,049;9,919;9,770;9,613;9,458;9,304
010203;COPALLIN;4,903;4,787;4,660;4,563;4,452;4,334;4,213;4,093;3,975
010204;EL PARCO;1,294;1,292;1,287;1,281;1,273;1,262;1,251;1,240;1,227
010205;IMAZA;30,392;31,300;32,136;32,789;33,338;33,812;34,240;34,658;35,062
010206;LA PECA ;6,709;6,631;6,535;6,453;6,374;6,299;6,226;6,155;6,086
010300;BONGARA;27,042;26,972;26,830;26,655;26,449;26,220;25,980;25,738;25,493
010301;JUMBILLA;1,373;1,354;1,332;1,309;1,283;1,258;1,232;1,207;1,182
010302;CHISQUILLA;323;321;319;317;313;310;308;304;300
010303;CHURUJA;299;301;301;300;298;295;292;289;286
010304;COROSHA;810;819;825;831;835;842;849;856;863
010305;CUISPES;702;694;684;673;662;650;638;626;614
010306;FLORIDA;6,400;6,409;6,397;6,380;6,353;6,321;6,283;6,245;6,206
010307;JAZAN;8,035;7,994;7,931;7,855;7,774;7,683;7,588;7,494;7,399
010308;RECTA;220;219;218;215;216;213;208;205;202
010309;SAN CARLOS;519;535;551;565;579;592;606;619;632
010310;SHIPASBAMBA;1,630;1,656;1,678;1,698;1,716;1,730;1,748;1,761;1,774
010311;VALERA;898;868;837;806;775;745;715;687;659
010312;YAMBRASBAMBA;5,833;5,802;5,757;5,706;5,645;5,581;5,513;5,445;5,376
010400;CONDORCANQUI;50,180;50,827;51,344;51,787;52,082;52,275;52,411;52,539;52,655
010401;NIEVA ;21,231;21,071;20,847;20,569;20,264;19,939;19,600;19,256;18,904
010402;EL CENEPA ;11,863;12,213;12,537;12,854;13,122;13,358;13,578;13,797;14,016
010403;RIO SANTIAGO;17,086;17,543;17,960;18,364;18,696;18,978;19,233;19,486;19,735
010500;LUYA;48,110;48,032;47,827;47,482;47,081;46,640;46,179;45,714;45,242
010501;LAMUD;2,379;2,381;2,375;2,363;2,345;2,326;2,305;2,283;2,261
010502;CAMPORREDONDO;7,313;7,422;7,515;7,584;7,644;7,688;7,729;7,767;7,802
010503;COCABAMBA;2,087;2,068;2,045;2,015;1,983;1,948;1,913;1,878;1,842
010504;COLCAMAR;2,011;1,975;1,933;1,887;1,838;1,789;1,739;1,689;1,642
010505;CONILA;1,950;1,939;1,923;1,899;1,875;1,847;1,819;1,791;1,762
010506;INGUILPATA;517;502;486;469;451;434;417;402;386
010507;LONGUITA;898;892;883;873;860;847;833;818;804
010508;LONYA CHICO;891;876;858;838;817;796;775;753;733
010509;LUYA;4,147;4,139;4,118;4,086;4,047;4,004;3,957;3,911;3,862
010510;LUYA VIEJO;408;407;405;401;398;394;388;383;377
010511;MARIA;792;785;776;764;752;738;724;711;697
010512;OCALLI;3,919;3,939;3,950;3,953;3,957;3,962;3,966;3,971;3,975
010513;OCUMAL;3,744;3,734;3,712;3,679;3,641;3,599;3,554;3,508;3,462
010514;PISUQUIA;5,160;5,125;5,075;5,012;4,940;4,862;4,784;4,707;4,624
010515;PROVIDENCIA;1,406;1,399;1,389;1,374;1,356;1,339;1,320;1,300;1,280
010516;SAN CRISTOBAL;576;563;550;535;520;505;490;474;460
010517;SAN FRANCISCO DEL YESO;745;739;732;722;711;699;688;675;663
010518;SAN JERONIMO;668;645;621;597;571;547;524;500;478
010519;SAN JUAN DE LOPECANCHA;453;445;434;423;411;399;388;377;366
010520;SANTA CATALINA;2,078;2,114;2,145;2,168;2,189;2,206;2,222;2,238;2,253
010521;SANTO TOMAS;3,176;3,127;3,070;3,004;2,935;2,865;2,793;2,722;2,653
010522;TINGO;1,355;1,367;1,375;1,378;1,381;1,385;1,388;1,392;1,395
010523;TRITA;1,437;1,449;1,457;1,458;1,459;1,461;1,463;1,464;1,465
010600;RODRIGUEZ DE MENDOZA;32,513;33,122;33,651;33,895;34,099;34,274;34,434;34,590;34,739
010601;SAN NICOLAS;6,278;6,399;6,499;6,551;6,594;6,629;6,660;6,690;6,719
010602;CHIRIMOTO;2,713;2,799;2,877;2,914;2,946;2,971;2,996;3,017;3,037
010603;COCHAMAL;628;633;636;638;639;642;645;648;651
010604;HUAMBO;2,772;2,722;2,664;2,590;2,515;2,439;2,363;2,287;2,211
010605;LIMABAMBA;2,491;2,465;2,431;2,385;2,338;2,290;2,242;2,194;2,146
010606;LONGAR;1,704;1,691;1,673;1,647;1,621;1,594;1,567;1,540;1,513
010607;MARISCAL BENAVIDES;1,568;1,566;1,559;1,539;1,519;1,498;1,477;1,456;1,435
010608;MILPUC;458;439;419;411;405;399;393;387;381
010609;OMIA;9,603;9,830;10,028;10,127;10,206;10,273;10,328;10,385;10,438
010610;SANTA ROSA;538;534;529;527;526;525;524;523;522
010611;TOTORA;293;290;288;289;286;285;284;283;282
010612;VISTA ALEGRE;3,467;3,754;4,048;4,277;4,504;4,729;4,955;5,180;5,404
010700;UTCUBAMBA;118,094;118,853;119,294;119,657;119,879;120,002;120,068;120,121;120,157
010701;BAGUA GRANDE;56,257;57,076;57,746;58,380;58,947;59,466;59,952;60,434;60,907
010702;CAJARURO ;24,996;24,794;24,525;24,236;23,916;23,574;23,221;22,864;22,504
010703;CUMBA;8,852;8,819;8,760;8,695;8,620;8,536;8,449;8,361;8,271
010704;EL MILAGRO;6,422;6,471;6,503;6,531;6,551;6,564;6,576;6,586;6,596
010705;JAMALCA;7,303;7,269;7,215;7,156;7,087;7,012;6,934;6,855;6,775
010706;LONYA GRANDE;11,034;11,182;11,300;11,412;11,509;11,598;11,681;11,763;11,843
010707;YAMON;3,230;3,242;3,245;3,247;3,249;3,252;3,255;3,258;3,261
020000;ÁNCASH;1,155,451;1,169,522;1,180,638;1,188,391;1,194,156;1,198,547;1,202,171;1,205,639;1,208,895
020100;HUARAZ;178,027;181,866;185,276;188,106;190,612;192,904;195,088;197,279;199,473
020101;HUARAZ;66,195;67,418;68,466;69,249;69,882;70,410;70,876;71,323;71,747
020102;COCHABAMBA;1,745;1,723;1,698;1,682;1,669;1,658;1,648;1,638;1,628
020103;COLCABAMBA;314;293;274;262;252;245;239;234;228
020104;HUANCHAY;1,726;1,689;1,652;1,627;1,608;1,593;1,580;1,566;1,553
020105;INDEPENDENCIA;82,563;84,931;87,112;88,989;90,711;92,336;93,922;95,535;97,176
020106;JANGAS;5,056;5,138;5,206;5,254;5,292;5,320;5,344;5,366;5,384
020107;LA LIBERTAD;1,132;1,122;1,110;1,102;1,095;1,090;1,084;1,079;1,074
020108;OLLEROS;2,513;2,514;2,507;2,503;2,498;2,493;2,487;2,481;2,474
020109;PAMPAS GRANDE;1,040;1,020;998;984;973;964;956;948;941
020110;PARIACOTO;5,078;5,163;5,235;5,287;5,328;5,361;5,391;5,418;5,444
020111;PIRA;3,536;3,518;3,489;3,472;3,456;3,442;3,428;3,414;3,401
020112;TARICA;7,129;7,337;7,529;7,695;7,848;7,992;8,133;8,277;8,423
020200;AIJA;6,632;6,541;6,433;6,305;6,170;6,024;5,878;5,734;5,590
020201;AIJA;2,158;2,175;2,182;2,186;2,184;2,178;2,169;2,158;2,145
020202;CORIS;1,713;1,683;1,649;1,594;1,538;1,480;1,424;1,369;1,315
020203;HUACLLAN;383;371;358;342;327;312;296;281;267
020204;LA MERCED;1,627;1,573;1,517;1,468;1,418;1,366;1,315;1,266;1,217
020205;SUCCHA;751;739;727;715;703;688;674;660;646
020300;ANTONIO RAYMONDI;14,349;14,168;13,950;13,690;13,404;13,108;12,805;12,504;12,203
020301;LLAMELLIN;3,468;3,446;3,413;3,373;3,325;3,272;3,216;3,159;3,102
020302;ACZO;2,013;1,988;1,958;1,914;1,863;1,809;1,752;1,696;1,640
020303;CHACCHO;1,421;1,385;1,346;1,314;1,283;1,254;1,225;1,197;1,168
020304;CHINGAS;1,960;1,956;1,946;1,898;1,843;1,785;1,725;1,666;1,607
020305;MIRGAS;4,279;4,212;4,135;4,063;3,986;3,910;3,832;3,754;3,677
020306;SAN JUAN DE RONTOY;1,208;1,181;1,152;1,128;1,104;1,078;1,055;1,032;1,009
020400;ASUNCIÓN;7,879;7,805;7,710;7,591;7,457;7,316;7,170;7,025;6,878
020401;CHACAS;4,852;4,825;4,787;4,731;4,665;4,596;4,521;4,447;4,372
020402;ACOCHACA;3,027;2,980;2,923;2,860;2,792;2,720;2,649;2,578;2,506
020500;BOLOGNESI;24,877;24,474;24,012;23,475;22,902;22,312;21,714;21,126;20,541
020501;CHIQUIAN;4,092;4,095;4,087;4,047;3,990;3,924;3,851;3,777;3,704
020502;ABELARDO PARDO LEZAMETA;249;231;215;210;203;196;189;183;177
020503;ANTONIO RAYMONDI;1,046;1,034;1,020;990;958;927;896;865;834
020504;AQUIA;2,188;2,136;2,079;2,000;1,925;1,853;1,782;1,714;1,646
020505;CAJACAY;1,838;1,856;1,868;1,888;1,899;1,904;1,909;1,914;1,919
020506;CANIS;318;298;279;261;246;232;221;209;197
020507;COLQUIOC;2,452;2,404;2,348;2,265;2,183;2,104;2,027;1,953;1,879
020508;HUALLANCA;6,727;6,610;6,473;6,401;6,304;6,193;6,064;5,931;5,800
020509;HUASTA;1,474;1,408;1,341;1,271;1,210;1,153;1,101;1,052;1,003
020510;HUAYLLACAYAN;1,352;1,361;1,365;1,336;1,298;1,256;1,212;1,169;1,126
020511;LA PRIMAVERA;473;458;444;421;399;378;359;342;325
020512;MANGAS;524;520;515;501;486;471;455;440;425
020513;PACLLON;955;915;874;830;792;755;722;691;660
020514;SAN MIGUEL DE CORPANQUI;511;492;471;449;429;410;392;375;358
020515;TICLLOS;678;656;633;605;580;556;534;511;488
020600;CARHUAZ;48,797;49,466;50,007;50,386;50,669;50,883;51,056;51,213;51,351
020601;CARHUAZ;16,139;16,428;16,675;16,804;16,917;17,006;17,083;17,155;17,222
020602;ACOPAMPA;2,734;2,768;2,794;2,812;2,820;2,823;2,826;2,829;2,831
020603;AMASHCA;1,535;1,529;1,520;1,507;1,491;1,473;1,453;1,434;1,414
020604;ANTA;2,553;2,579;2,598;2,610;2,613;2,615;2,617;2,619;2,620
020605;ATAQUERO;1,593;1,607;1,617;1,624;1,628;1,632;1,636;1,640;1,643
020606;MARCARA;10,378;10,593;10,782;10,940;11,067;11,167;11,249;11,321;11,389
020607;PARIAHUANCA;1,457;1,458;1,455;1,455;1,454;1,450;1,444;1,440;1,435
020608;SAN MIGUEL DE ACO;2,502;2,505;2,502;2,502;2,498;2,493;2,487;2,480;2,472
020609;SHILLA;2,962;2,943;2,915;2,901;2,886;2,872;2,858;2,843;2,827
020610;TINCO;3,687;3,778;3,861;3,933;3,995;4,050;4,099;4,146;4,191
020611;YUNGAR;3,257;3,278;3,288;3,298;3,300;3,302;3,304;3,306;3,307
020700;CARLOS F. FITZCARRALD;18,848;18,697;18,496;18,231;17,925;17,591;17,233;16,860;16,467
020701;SAN LUIS;11,202;11,158;11,083;10,975;10,842;10,694;10,528;10,347;10,150
020702;SAN NICOLAS;3,322;3,282;3,233;3,171;3,101;3,025;2,947;2,868;2,788
020703;YAUYA;4,324;4,257;4,180;4,085;3,982;3,872;3,758;3,645;3,529
020800;CASMA;54,382;55,877;57,256;58,472;59,605;60,688;61,758;62,853;63,975
020801;CASMA;38,133;39,286;40,363;41,315;42,209;43,067;43,919;44,792;45,688
020802;BUENA VISTA ALTA;5,128;5,276;5,413;5,533;5,645;5,751;5,856;5,963;6,072
020803;COMANDANTE NOEL;2,280;2,313;2,340;2,360;2,375;2,387;2,396;2,405;2,413
020804;YAUTAN;8,841;9,002;9,140;9,264;9,376;9,483;9,587;9,693;9,802
020900;CORONGO;8,034;8,037;8,017;7,969;7,906;7,831;7,750;7,666;7,580
020901;CORONGO;1,789;1,792;1,790;1,794;1,795;1,796;1,797;1,798;1,799
020902;ACO;401;391;380;366;352;336;321;307;293
020903;BAMBAS;483;483;481;474;464;453;441;426;411
020904;CUSCA;2,856;2,874;2,881;2,892;2,901;2,903;2,907;2,911;2,913
020905;LA PAMPA;1,088;1,084;1,078;1,062;1,044;1,024;999;972;945
020906;YANAC;676;672;666;654;638;622;604;587;570
020907;YUPAN;741;741;741;727;712;697;681;665;649
021000;HUARI;62,909;63,173;63,264;63,344;63,382;63,385;63,367;63,336;63,290
021001;HUARI;9,781;9,806;9,803;9,796;9,786;9,776;9,765;9,756;9,749
021002;ANRA;1,467;1,443;1,414;1,394;1,371;1,344;1,316;1,283;1,249
021003;CAJAY;2,711;2,690;2,661;2,651;2,637;2,619;2,599;2,576;2,550
021004;CHAVIN DE HUANTAR;8,548;8,517;8,462;8,467;8,464;8,453;8,436;8,415;8,390
021005;HUACACHI;1,880;1,862;1,841;1,836;1,830;1,825;1,821;1,818;1,816
021006;HUACCHIS;1,488;1,446;1,401;1,366;1,330;1,294;1,255;1,216;1,174
021007;HUACHIS;3,611;3,604;3,589;3,602;3,614;3,625;3,636;3,649;3,663
021008;HUANTAR;2,782;2,768;2,746;2,743;2,737;2,728;2,717;2,705;2,691
021009;MASIN;1,439;1,401;1,360;1,329;1,297;1,264;1,230;1,193;1,155
021010;PAUCAS;1,632;1,601;1,565;1,539;1,511;1,479;1,446;1,408;1,368
021011;PONTO;2,829;2,781;2,725;2,688;2,647;2,602;2,552;2,499;2,443
021012;RAHUAPAMPA;749;751;751;759;764;767;771;776;781
021013;RAPAYAN;1,500;1,483;1,461;1,449;1,433;1,415;1,394;1,372;1,346
021014;SAN MARCOS;18,446;18,998;19,498;19,745;19,991;20,237;20,489;20,749;21,016
021015;SAN PEDRO DE CHANA;2,687;2,695;2,694;2,711;2,724;2,734;2,741;2,745;2,748
021016;UCO;1,359;1,327;1,293;1,269;1,246;1,223;1,199;1,176;1,151
021100;HUARMEY;32,049;32,599;33,066;33,424;33,718;33,963;34,178;34,380;34,568
021101;HUARMEY;26,102;26,644;27,123;27,494;27,805;28,067;28,300;28,519;28,725
021102;COCHAPETI;822;820;814;806;797;786;773;761;749
021103;CULEBRAS;3,350;3,382;3,405;3,418;3,424;3,431;3,438;3,445;3,451
021104;HUAYAN;976;971;961;955;950;945;940;935;930
021105;MALVAS;799;782;763;751;742;734;727;720;713
021200;HUAYLAS;55,883;56,295;56,557;56,738;56,853;56,919;56,953;56,974;56,978
021201;CARAZ;26,307;26,663;26,949;27,141;27,281;27,376;27,443;27,501;27,550
021202;HUALLANCA;1,080;1,096;1,110;1,121;1,130;1,139;1,147;1,157;1,167
021203;HUATA;1,421;1,410;1,394;1,385;1,377;1,371;1,366;1,360;1,354
021204;HUAYLAS;1,722;1,712;1,697;1,688;1,682;1,675;1,669;1,663;1,657
021205;MATO;1,982;1,977;1,967;1,950;1,928;1,905;1,880;1,853;1,825
021206;PAMPAROMAS;8,552;8,577;8,577;8,580;8,578;8,573;8,564;8,556;8,545
021207;PUEBLO LIBRE;6,951;6,980;6,990;6,998;7,001;7,003;7,005;7,007;7,007
021208;SANTA CRUZ;4,612;4,606;4,588;4,578;4,568;4,559;4,549;4,539;4,528
021209;SANTO TORIBIO;1,132;1,113;1,092;1,079;1,069;1,061;1,055;1,046;1,037
021210;YURACMARCA;2,124;2,161;2,193;2,218;2,239;2,257;2,275;2,292;2,308
021300;MARISCAL LUZURIAGA;21,935;21,891;21,787;21,607;21,386;21,136;20,870;20,599;20,320
021301;PISCOBAMBA;3,184;3,158;3,122;3,095;3,063;3,025;2,986;2,946;2,905
021302;CASCA;4,046;4,036;4,015;3,960;3,902;3,840;3,776;3,713;3,648
021303;ELEAZAR GUZMAN BARRON;1,402;1,413;1,421;1,410;1,394;1,375;1,355;1,334;1,314
021304;FIDEL OLIVAS ESCUDERO;2,034;2,016;1,993;1,942;1,886;1,825;1,765;1,704;1,645
021305;LLAMA;1,063;1,040;1,015;989;965;945;923;902;881
021306;LLUMPA;6,255;6,294;6,315;6,362;6,395;6,416;6,430;6,439;6,441
021307;LUCMA;2,910;2,894;2,870;2,831;2,787;2,740;2,691;2,642;2,592
021308;MUSGA;1,041;1,040;1,036;1,018;994;970;944;919;894
021400;OCROS;7,477;7,359;7,224;7,066;6,897;6,723;6,547;6,373;6,201
021401;OCROS;1,287;1,275;1,259;1,245;1,227;1,204;1,178;1,149;1,120
021402;ACAS;701;689;676;640;603;566;532;498;464
021403;CAJAMARQUILLA;318;307;297;286;275;264;252;241;230
021404;CARHUAPAMPA;489;469;447;420;395;374;354;335;316
021405;COCHAS;1,535;1,553;1,566;1,580;1,586;1,589;1,591;1,594;1,599
021406;CONGAS;1,309;1,313;1,313;1,302;1,287;1,268;1,238;1,206;1,174
021407;LLIPA;285;259;233;230;225;220;214;209;204
021408;SAN CRISTOBAL DE RAJAN;460;449;437;411;383;355;329;305;281
021409;SAN PEDRO;643;593;544;496;458;422;395;369;343
021410;SANTIAGO DE CHILCAS;450;452;452;456;458;461;464;467;470
021500;PALLASCA;25,022;24,729;24,371;23,936;23,461;22,960;22,450;21,941;21,433
021501;CABANA;2,619;2,608;2,588;2,558;2,522;2,484;2,442;2,401;2,359
021502;BOLOGNESI;1,065;1,043;1,017;989;959;928;897;867;837
021503;CONCHUCOS;7,879;7,877;7,850;7,793;7,720;7,633;7,536;7,437;7,332
021504;HUACASCHUQUE;552;543;532;520;506;492;481;465;451
021505;HUANDOVAL;1,090;1,087;1,082;1,072;1,059;1,044;1,030;1,015;997
021506;LACABAMBA;537;528;517;505;494;479;465;451;439
021507;LLAPO;633;629;624;618;607;599;588;577;567
021508;PALLASCA;2,533;2,529;2,517;2,497;2,470;2,440;2,407;2,374;2,338
021509;PAMPAS;4,105;3,902;3,697;3,490;3,287;3,090;2,902;2,721;2,551
021510;SANTA ROSA;1,146;1,148;1,147;1,140;1,133;1,123;1,110;1,098;1,086
021511;TAUCA;2,863;2,835;2,800;2,754;2,704;2,648;2,592;2,535;2,476
021600;POMABAMBA;26,773;26,760;26,675;26,498;26,269;26,003;25,717;25,423;25,120
021601;POMABAMBA;14,881;14,928;14,933;14,886;14,818;14,737;14,648;14,554;14,455
021602;HUAYLLAN;3,130;3,094;3,051;2,997;2,936;2,870;2,801;2,732;2,663
021603;PAROBAMBA;6,421;6,404;6,369;6,313;6,239;6,151;6,056;5,960;5,861
021604;QUINUABAMBA;2,341;2,334;2,322;2,302;2,276;2,245;2,212;2,177;2,141
021700;RECUAY;18,174;18,154;18,085;17,954;17,787;17,597;17,392;17,182;16,968
021701;RECUAY;4,614;4,577;4,527;4,455;4,374;4,285;4,189;4,093;3,995
021702;CATAC;4,068;4,070;4,060;4,030;3,990;3,941;3,887;3,832;3,771
021703;COTAPARACO;423;409;394;379;362;346;329;312;297
021704;HUAYLLAPAMPA;648;614;580;546;511;477;443;412;380
021705;LLACLLIN;929;893;855;816;776;737;698;661;626
021706;MARCA;1,758;1,843;1,924;1,999;2,071;2,139;2,206;2,271;2,336
021707;PAMPAS CHICO;947;901;854;808;762;716;670;624;578
021708;PARARIN;1,639;1,681;1,716;1,745;1,768;1,788;1,806;1,820;1,834
021709;TAPACOCHA;447;440;432;423;412;400;389;376;365
021710;TICAPAMPA;2,701;2,726;2,743;2,753;2,761;2,768;2,775;2,781;2,786
021800;SANTA;459,137;467,182;474,053;479,362;483,774;487,551;490,960;494,274;497,471
021801;CHIMBOTE;215,834;216,601;216,776;216,641;216,277;215,760;215,165;214,571;213,966
021802;CACERES DEL PERU;4,826;4,828;4,816;4,782;4,736;4,684;4,629;4,573;4,518
021803;COISHCO;16,941;17,236;17,491;17,626;17,704;17,743;17,762;17,777;17,787
021804;MACATE;3,346;3,315;3,275;3,221;3,159;3,094;3,029;2,964;2,900
021805;MORO;8,449;8,576;8,683;8,748;8,791;8,820;8,841;8,860;8,879
021806;NEPEÑA;14,601;14,742;14,846;14,892;14,908;14,904;14,888;14,871;14,853
021807;SAMANCO;5,022;5,129;5,225;5,297;5,355;5,406;5,452;5,498;5,542
021808;SANTA;21,748;22,242;22,689;23,030;23,318;23,569;23,802;24,031;24,258
021809;NUEVO CHIMBOTE;168,370;174,513;180,252;185,125;189,526;193,571;197,392;201,129;204,768
021900;SIHUAS;28,840;28,774;28,630;28,389;28,091;27,756;27,400;27,036;26,664
021901;SIHUAS;5,652;5,678;5,687;5,710;5,726;5,737;5,744;5,748;5,750
021902;ACOBAMBA;1,695;1,673;1,647;1,612;1,572;1,531;1,487;1,445;1,401
021903;ALFONSO UGARTE;557;535;514;490;466;441;418;395;372
021904;CASHAPAMPA;2,955;2,954;2,945;2,918;2,882;2,840;2,795;2,748;2,701
021905;CHINGALPO;947;933;916;894;870;844;818;793;768
021906;HUAYLLABAMBA;3,769;3,740;3,701;3,639;3,567;3,489;3,409;3,326;3,244
021907;QUICHES;2,451;2,428;2,400;2,358;2,310;2,257;2,202;2,147;2,091
021908;RAGASH;2,452;2,432;2,404;2,363;2,315;2,263;2,209;2,155;2,100
021909;SAN JUAN;6,806;6,870;6,914;6,941;6,960;6,973;6,981;6,984;6,985
021910;SICSIBAMBA;1,556;1,531;1,502;1,464;1,423;1,381;1,337;1,295;1,252
022000;YUNGAY;55,427;55,675;55,769;55,848;55,888;55,897;55,885;55,861;55,824
022001;YUNGAY;21,873;22,118;22,302;22,485;22,654;22,812;22,963;23,108;23,252
022002;CASCAPARA;1,747;1,725;1,698;1,672;1,643;1,613;1,583;1,553;1,523
022003;MANCOS;6,906;6,904;6,881;6,854;6,821;6,783;6,742;6,699;6,653
022004;MATACOTO;1,511;1,519;1,522;1,528;1,536;1,544;1,552;1,559;1,565
022005;QUILLO;12,926;13,049;13,137;13,216;13,284;13,342;13,392;13,439;13,480
022006;RANRAHIRCA;2,932;2,952;2,964;2,974;2,981;2,987;2,990;2,993;2,994
022007;SHUPLUY;1,955;1,932;1,904;1,875;1,845;1,814;1,782;1,750;1,718
022008;YANAMA;5,577;5,476;5,361;5,244;5,124;5,002;4,881;4,760;4,639
030000;APURÍMAC;427,323;429,587;430,736;430,609;429,720;428,311;426,626;424,906;423,128
030100;ABANCAY;116,371;118,392;120,116;120,976;121,501;121,804;122,001;122,210;122,429
030101;ABANCAY;72,761;74,800;76,639;77,767;78,681;79,442;80,120;80,789;81,466
030102;CHACOCHE;1,410;1,425;1,437;1,448;1,454;1,457;1,460;1,463;1,466
030103;CIRCA;1,933;1,887;1,836;1,819;1,796;1,770;1,742;1,714;1,686
030104;CURAHUASI;17,136;17,127;17,064;17,120;17,128;17,103;17,061;17,018;16,976
030105;HUANIPACA;3,010;2,896;2,778;2,667;2,550;2,432;2,315;2,205;2,095
030106;LAMBRAMA;3,092;2,953;2,813;2,683;2,547;2,412;2,283;2,161;2,039
030107;PICHIRHUA;2,877;2,777;2,673;2,576;2,471;2,364;2,258;2,158;2,058
030108;SAN PEDRO DE CACHORA;2,642;2,568;2,490;2,415;2,332;2,246;2,160;2,078;1,996
030109;TAMBURCO;11,510;11,959;12,386;12,481;12,542;12,578;12,602;12,624;12,647
030200;ANDAHUAYLAS;150,105;150,634;150,758;151,329;151,731;152,010;152,215;152,393;152,538
030201;ANDAHUAYLAS  ;44,284;45,221;46,035;47,143;48,053;48,814;49,476;50,078;50,664
030202;ANDARAPA;5,730;5,655;5,565;5,458;5,368;5,294;5,227;5,164;5,105
030203;CHIARA;1,236;1,224;1,209;1,193;1,180;1,167;1,156;1,144;1,133
030204;HUANCARAMA;5,378;5,229;5,070;4,834;4,654;4,517;4,408;4,309;4,221
030205;HUANCARAY;3,951;3,904;3,846;3,780;3,724;3,676;3,633;3,591;3,553
030206;HUAYANA;786;770;751;727;708;691;677;666;659
030207;KISHUARA;6,385;6,234;6,069;5,833;5,650;5,510;5,395;5,290;5,197
030208;PACOBAMBA;3,562;3,451;3,334;3,156;3,022;2,922;2,841;2,769;2,706
030209;PACUCHA;8,638;8,514;8,367;8,185;8,037;7,914;7,807;7,706;7,612
030210;PAMPACHIRI;2,314;2,293;2,268;2,267;2,256;2,236;2,213;2,190;2,166
030211;POMACOCHA;908;901;890;880;871;862;855;847;839
030212;SAN ANTONIO DE CACHI;3,048;3,028;3,000;2,978;2,955;2,933;2,910;2,887;2,863
030213;SAN JERONIMO;22,061;22,184;22,241;22,469;22,601;22,660;22,675;22,690;22,651
030214;SAN MIGUEL DE CHACCRAMPA;1,690;1,673;1,650;1,626;1,605;1,586;1,570;1,554;1,538
030215;SANTA MARIA DE CHICMO;8,754;8,674;8,570;8,466;8,373;8,287;8,206;8,128;8,052
030216;TALAVERA;19,465;19,711;19,901;20,291;20,572;20,773;20,923;21,054;21,159
030217;TUMAY HUARACA;1,960;1,939;1,912;1,883;1,857;1,836;1,815;1,796;1,777
030218;TURPO;3,810;3,778;3,736;3,696;3,660;3,625;3,592;3,559;3,527
030219;KAQUIABAMBA;1,851;1,802;1,748;1,669;1,610;1,564;1,527;1,493;1,464
030220;JOSÉ MARÍA ARGUEDAS  ;4,294;4,449;4,596;4,795;4,975;5,143;5,309;5,478;5,652
030300;ANTABAMBA;11,895;11,854;11,781;11,622;11,429;11,214;10,985;10,754;10,518
030301;ANTABAMBA;2,922;2,895;2,860;2,808;2,747;2,679;2,609;2,537;2,462
030302;EL ORO;584;590;595;602;607;611;614;618;620
030303;HUAQUIRCA;1,955;2,005;2,049;2,074;2,094;2,111;2,125;2,138;2,148
030304;JUAN ESPINOZA MEDRANO;1,783;1,763;1,738;1,705;1,664;1,620;1,573;1,526;1,480
030305;OROPESA;2,404;2,390;2,369;2,316;2,259;2,199;2,137;2,074;2,011
030306;PACHACONAS;1,099;1,091;1,079;1,061;1,040;1,016;990;963;938
030307;SABAINO;1,148;1,120;1,091;1,056;1,018;978;937;898;859
030400;AYMARAES;25,392;25,012;24,570;23,954;23,276;22,557;21,817;21,073;20,319
030401;CHALHUANCA;5,122;5,164;5,191;5,203;5,208;5,211;5,214;5,217;5,214
030402;CAPAYA;617;606;593;575;554;532;510;486;462
030403;CARAYBAMBA;976;949;919;882;844;805;766;727;688
030404;CHAPIMARCA;1,965;1,939;1,907;1,864;1,814;1,759;1,702;1,643;1,583
030405;COLCABAMBA;727;721;712;687;661;635;608;581;554
030406;COTARUSE;2,704;2,598;2,491;2,380;2,268;2,150;2,045;1,936;1,826
030407;IHUAYLLO;479;466;453;443;430;413;398;385;372
030408;JUSTO APU SAHUARAURA;770;747;723;701;678;655;631;607;583
030409;LUCRE;1,593;1,552;1,507;1,443;1,371;1,292;1,197;1,105;1,013
030410;POCOHUANCA;1,065;1,054;1,041;1,023;1,002;979;955;930;905
030411;SAN JUAN DE CHACÑA;795;784;770;745;719;693;666;638;610
030412;SAÑAYCA;1,152;1,137;1,118;1,093;1,063;1,032;997;963;929
030413;SORAYA;746;742;736;710;683;656;628;600;572
030414;TAPAIRIHUA;1,946;1,926;1,901;1,867;1,828;1,785;1,739;1,693;1,646
030415;TINTAY;2,380;2,320;2,255;2,161;2,063;1,964;1,863;1,762;1,660
030416;TORAYA;1,334;1,301;1,266;1,215;1,158;1,095;1,031;967;903
030417;YANACA;1,021;1,006;987;962;932;901;867;833;799
030500;COTABAMBAS;53,758;54,552;55,208;55,398;55,526;55,610;55,666;55,713;55,749
030501;TAMBOBAMBA;10,809;10,816;10,789;10,713;10,660;10,593;10,478;10,385;10,290
030502;COTABAMBAS;4,112;4,089;4,052;4,028;4,001;3,984;3,948;3,922;3,895
030503;COYLLURQUI;6,943;6,860;6,756;6,691;6,651;6,592;6,502;6,427;6,351
030504;HAQUIRA;9,935;9,840;9,712;9,511;9,474;9,434;9,380;9,320;9,258
030505;MARA;6,195;6,171;6,127;6,091;6,084;6,059;6,007;5,967;5,926
030506;CHALLHUAHUACHO;15,764;16,776;17,772;18,364;18,656;18,948;19,351;19,692;20,029
030600;CHINCHEROS;47,471;47,070;46,544;46,041;45,494;44,917;44,327;43,737;43,146
030601;CHINCHEROS;5,549;5,529;5,495;5,472;5,443;5,409;5,374;5,342;5,310
030602;ANCO-HUALLO;10,770;10,749;10,695;10,540;10,382;10,218;10,052;9,886;9,719
030603;COCHARCAS;1,811;1,772;1,729;1,718;1,707;1,695;1,683;1,670;1,657
030604;HUACCANA 15/;6,944;6,836;6,711;5,489;5,389;5,285;5,180;5,073;4,966
030605;OCOBAMBA;7,193;7,125;7,036;6,962;6,877;6,786;6,692;6,597;6,502
030606;ONGOY     ;2,459;2,408;2,352;2,320;2,287;2,254;2,220;2,185;2,150
030607;URANMARCA;2,817;2,794;2,765;2,743;2,717;2,692;2,666;2,642;2,618
030608;RANRACANCHA;4,247;4,209;4,158;4,116;4,068;4,016;3,961;3,907;3,853
030609;ROCCHACC   ;2,825;2,810;2,787;2,770;2,751;2,728;2,705;2,682;2,659
030610;EL PORVENIR   ;1,801;1,788;1,771;1,758;1,743;1,728;1,713;1,698;1,683
030611;LOS CHANKAS  ;1,055;1,050;1,045;1,043;1,040;1,037;1,034;1,029;1,024
030612;AHUAYRO 15/;Distrito creado en 2021;Distrito creado en 2021;Distrito creado en 2021;1,110;1,090;1,069;1,047;1,026;1,005
030700;GRAU;22,331;22,073;21,759;21,289;20,763;20,199;19,615;19,026;18,429
030701;CHUQUIBAMBILLA;5,318;5,295;5,255;5,150;5,036;4,907;4,772;4,626;4,476
030702;CURPAHUASI;2,033;2,003;1,967;1,918;1,861;1,799;1,735;1,671;1,606
030703;GAMARRA;2,882;2,791;2,696;2,588;2,476;2,361;2,244;2,126;2,007
030704;HUAYLLATI;1,421;1,385;1,346;1,298;1,246;1,191;1,136;1,083;1,030
030705;MAMARA;905;900;893;879;862;842;821;800;779
030706;MICAELA BASTIDAS;959;933;905;872;835;798;760;724;688
030707;PATAYPAMPA;832;814;794;769;742;713;683;654;625
030708;PROGRESO;3,156;3,194;3,222;3,235;3,241;3,244;3,247;3,250;3,252
030709;SAN ANTONIO;285;278;271;262;252;242;232;222;212
030710;SANTA ROSA;587;576;562;545;527;507;486;466;446
030711;TURPAY;664;652;640;622;603;584;564;546;528
030712;VILCABAMBA;1,314;1,321;1,324;1,327;1,326;1,323;1,317;1,311;1,304
030713;VIRUNDO;693;668;643;614;583;553;523;493;463
030714;CURASCO;1,282;1,263;1,241;1,210;1,173;1,135;1,095;1,054;1,013
040000;AREQUIPA;1,428,708;1,464,638;1,497,438;1,526,669;1,553,994;1,580,075;1,605,569;1,631,136;1,656,746
040100;AREQUIPA;1,114,721;1,146,418;1,175,765;1,201,896;1,226,404;1,249,864;1,272,846;1,295,925;1,319,077
040101;AREQUIPA;55,496;55,033;54,400;54,412;54,396;54,362;54,315;54,262;54,201
040102;ALTO SELVA ALEGRE;85,790;87,291;88,537;90,180;91,755;93,292;94,815;96,351;97,900
040103;CAYMA;97,980;100,686;103,140;105,760;108,314;110,831;113,343;115,881;118,443
040104;CERRO COLORADO ;206,393;217,894;229,142;235,305;241,328;247,274;253,214;259,214;265,275
040105;CHARACATO;14,142;15,190;16,263;16,987;17,706;18,423;19,143;19,872;20,610
040106;CHIGUATA;3,039;3,080;3,112;3,171;3,227;3,279;3,330;3,382;3,433
040107;JACOBO HUNTER;50,879;51,442;51,848;52,729;53,543;54,315;55,070;55,832;56,602
040108;LA JOYA;35,441;36,807;38,103;39,668;41,181;42,668;44,159;45,683;47,244
040109;MARIANO MELGAR;62,295;63,460;64,442;65,809;67,014;68,105;69,135;70,154;71,157
040110;MIRAFLORES;61,362;62,586;63,632;65,064;66,339;67,508;68,619;69,725;70,819
040111;MOLLEBAYA;5,426;6,172;6,998;7,363;7,727;8,090;8,456;8,826;9,201
040112;PAUCARPATA;131,837;133,175;134,099;135,781;137,061;138,046;138,830;139,513;140,086
040113;POCSI;469;458;447;442;437;430;428;422;416
040114;POLOBAYA;873;836;797;771;746;722;697;672;647
040115;QUEQUEÑA;5,290;6,085;6,977;7,324;7,669;8,013;8,360;8,711;9,066
040116;SABANDIA;4,397;4,476;4,544;4,648;4,745;4,837;4,928;5,020;5,113
040117;SACHACA;25,237;26,163;27,038;28,101;29,124;30,126;31,128;32,152;33,198
040118;SAN JUAN DE SIGUAS;640;601;561;546;530;513;496;479;461
040119;SAN JUAN DE TARUCANI;1,404;1,353;1,299;1,265;1,233;1,201;1,168;1,134;1,100
040120;SANTA ISABEL DE SIGUAS;720;686;650;635;618;601;584;566;548
040121;SANTA RITA DE SIGUAS;6,885;7,187;7,478;7,821;8,156;8,488;8,822;9,168;9,524
040122;SOCABAYA;77,115;79,147;80,977;83,367;85,605;87,750;89,862;92,001;94,168
040123;TIABAYA;16,622;16,848;17,023;17,297;17,520;17,709;17,874;18,026;18,164
040124;UCHUMAYO;15,153;15,689;16,195;16,812;17,404;17,981;18,558;19,147;19,748
040125;VITOR  ;4,151;4,332;4,506;4,713;4,915;5,116;5,317;5,523;5,736
040126;YANAHUARA;25,766;26,099;26,354;26,755;27,081;27,353;27,590;27,815;28,023
040127;YARABAMBA;1,433;1,482;1,528;1,584;1,638;1,691;1,743;1,797;1,851
040128;YURA;36,865;39,899;43,033;44,322;45,585;46,837;48,089;49,354;50,632
040129;JOSE LUIS BUSTAMANTE Y RIVERO;81,621;82,261;82,642;83,264;83,807;84,303;84,773;85,243;85,711
040200;CAMANA;59,939;60,900;61,708;62,433;63,098;63,721;64,322;64,919;65,510
040201;CAMANA;12,995;12,855;12,677;12,527;12,379;12,235;12,090;11,945;11,799
040202;JOSE MARIA QUIMPER;4,568;4,645;4,710;4,761;4,804;4,843;4,877;4,910;4,941
040203;MARIANO NICOLAS VALCARCEL;7,579;8,014;8,448;8,863;9,273;9,682;10,095;10,517;10,945
040204;MARISCAL CACERES;6,273;6,371;6,450;6,512;6,562;6,605;6,642;6,677;6,710
040205;NICOLAS DE PIEROLA;7,423;7,583;7,723;7,843;7,949;8,047;8,140;8,231;8,320
040206;OCOÑA;4,110;4,082;4,040;4,005;3,970;3,934;3,899;3,863;3,827
040207;QUILCA;1,021;1,048;1,072;1,093;1,115;1,133;1,152;1,169;1,186
040208;SAMUEL PASTOR;15,970;16,302;16,588;16,829;17,046;17,242;17,427;17,607;17,782
040300;CARAVELI;42,127;42,961;43,690;44,283;44,803;45,272;45,711;46,140;46,558
040301;CARAVELI;4,157;4,198;4,227;4,284;4,332;4,372;4,416;4,454;4,491
040302;ACARI  21/;4,976;5,081;5,172;5,283;5,381;5,467;5,548;4,112;4,133
040303;ATICO;5,641;5,809;5,962;6,127;6,271;6,400;6,521;6,639;6,755
040304;ATIQUIPA;511;493;475;466;455;447;438;431;424
040305;BELLA UNION  21/;3,147;3,065;2,978;2,935;2,895;2,858;2,821;4,301;4,322
040306;CAHUACHO;646;628;609;599;591;582;575;566;557
040307;CHALA;9,338;9,862;10,368;10,605;10,832;11,053;11,261;11,472;11,680
040308;CHAPARRA;3,653;3,639;3,613;3,567;3,516;3,461;3,404;3,346;3,287
040309;HUANUHUANU;3,080;3,144;3,199;3,268;3,327;3,382;3,433;3,482;3,530
040310;JAQUI;1,592;1,585;1,576;1,581;1,585;1,588;1,590;1,593;1,596
040311;LOMAS;1,511;1,548;1,580;1,603;1,625;1,645;1,665;1,684;1,703
040312;QUICACHA;1,899;1,903;1,902;1,905;1,906;1,909;1,912;1,915;1,918
040313;YAUCA;1,976;2,006;2,029;2,060;2,087;2,108;2,127;2,145;2,162
040400;CASTILLA;35,129;34,984;34,743;34,564;34,389;34,218;34,046;33,872;33,695
040401;APLAO;8,932;8,961;8,964;8,994;9,023;9,057;9,086;9,116;9,148
040402;ANDAGUA;1,049;1,031;1,010;993;977;961;945;928;910
040403;AYO;246;239;230;223;216;209;202;195;188
040404;CHACHAS;1,682;1,664;1,643;1,611;1,579;1,547;1,514;1,482;1,449
040405;CHILCAYMARCA;999;1,018;1,034;1,053;1,073;1,093;1,113;1,135;1,157
040406;CHOCO;721;694;666;641;618;593;570;545;521
040407;HUANCARQUI;1,559;1,574;1,586;1,602;1,618;1,633;1,649;1,664;1,678
040408;MACHAGUAY;510;484;457;433;408;383;361;339;318
040409;ORCOPAMPA;8,501;8,542;8,557;8,612;8,667;8,723;8,776;8,829;8,881
040410;PAMPACOLCA;2,024;1,944;1,862;1,788;1,717;1,647;1,579;1,510;1,440
040411;TIPAN;450;440;429;420;411;402;393;384;375
040412;UÑON;210;206;202;200;197;195;194;193;193
040413;URACA;6,666;6,638;6,590;6,510;6,429;6,347;6,265;6,182;6,097
040414;VIRACO;1,580;1,549;1,513;1,484;1,456;1,428;1,399;1,370;1,340
040500;CAYLLOMA;92,761;95,211;97,458;99,437;101,277;103,024;104,723;106,420;108,113
040501;CHIVAY;5,991;5,948;5,889;5,877;5,854;5,821;5,782;5,741;5,697
040502;ACHOMA;861;840;817;817;815;812;808;804;799
040503;CABANACONDE;2,199;2,149;2,094;2,077;2,059;2,040;2,019;1,997;1,974
040504;CALLALLI;1,497;1,427;1,357;1,334;1,307;1,278;1,247;1,215;1,182
040505;CAYLLOMA;3,739;3,718;3,688;3,677;3,659;3,635;3,608;3,578;3,547
040506;COPORAQUE;1,165;1,147;1,126;1,125;1,121;1,118;1,114;1,109;1,104
040507;HUAMBO;693;678;660;655;649;643;636;630;622
040508;HUANCA;1,041;1,003;967;966;962;958;952;946;939
040509;ICHUPAMPA;575;574;572;572;571;567;564;561;557
040510;LARI;914;881;847;830;813;795;776;758;739
040511;LLUTA;743;723;703;695;687;680;675;672;670
040512;MACA;719;704;687;683;677;672;667;660;653
040513;MADRIGAL;666;664;660;659;656;652;648;643;638
040514;SAN ANTONIO DE CHUCA ;924;901;878;867;855;843;832;823;815
040515;SIBAYO;695;687;677;677;675;673;670;666;663
040516;TAPAY;780;799;817;844;870;896;921;949;978
040517;TISCO;1,529;1,507;1,483;1,483;1,482;1,479;1,476;1,471;1,467
040518;TUTI;636;617;598;590;581;573;563;554;546
040519;YANQUE;2,182;2,173;2,158;2,150;2,138;2,122;2,105;2,086;2,066
040520;MAJES;65,212;68,071;70,780;72,859;74,846;76,767;78,660;80,557;82,457
040600;CONDESUYOS;16,720;16,595;16,426;16,294;16,167;16,044;15,921;15,798;15,674
040601;CHUQUIBAMBA;3,392;3,380;3,361;3,347;3,336;3,327;3,319;3,314;3,311
040602;ANDARAY;684;685;685;678;671;664;656;649;641
040603;CAYARANI;3,328;3,307;3,275;3,263;3,251;3,238;3,224;3,208;3,191
040604;CHICHAS;693;684;673;663;653;644;634;624;614
040605;IRAY;614;607;599;591;584;577;569;561;554
040606;RIO GRANDE;3,440;3,450;3,451;3,456;3,461;3,464;3,466;3,467;3,466
040607;SALAMANCA;479;448;419;396;371;351;336;319;307
040608;YANAQUIHUA;4,090;4,034;3,963;3,900;3,840;3,779;3,717;3,656;3,590
040700;ISLAY;54,162;54,580;54,851;55,120;55,360;55,580;55,788;55,992;56,192
040701;MOLLENDO;25,937;26,230;26,453;26,658;26,843;27,013;27,177;27,336;27,492
040702;COCACHACRA;8,474;8,430;8,363;8,321;8,284;8,250;8,219;8,187;8,157
040703;DEAN VALDIVIA;6,961;7,055;7,129;7,196;7,255;7,311;7,363;7,415;7,465
040704;ISLAY;5,114;5,165;5,202;5,237;5,269;5,298;5,326;5,353;5,380
040705;MEJIA;1,217;1,230;1,240;1,250;1,261;1,272;1,281;1,292;1,305
040706;PUNTA DE BOMBON;6,459;6,470;6,464;6,458;6,448;6,436;6,422;6,409;6,393
040800;LA UNIÓN;13,149;12,989;12,797;12,642;12,496;12,352;12,212;12,070;11,927
040801;COTAHUASI;2,981;2,984;2,981;2,981;2,982;2,983;2,984;2,985;2,985
040802;ALCA;1,892;1,875;1,851;1,831;1,813;1,795;1,776;1,757;1,738
040803;CHARCANA;594;591;586;582;579;575;572;568;564
040804;HUAYNACOTAS;1,943;1,907;1,867;1,832;1,798;1,765;1,734;1,700;1,666
040805;PAMPAMARCA;1,148;1,129;1,106;1,087;1,068;1,050;1,032;1,013;994
040806;PUYCA;2,417;2,384;2,346;2,314;2,283;2,254;2,226;2,198;2,170
040807;QUECHUALLA;277;278;278;279;279;280;281;282;283
040808;SAYLA;326;313;300;289;279;267;258;249;240
040809;TAURIA;317;315;313;311;309;307;305;303;301
040810;TOMEPAMPA;689;675;658;643;630;617;603;591;579
040811;TORO;565;538;511;493;476;459;441;424;407
050000;AYACUCHO;659,061;664,494;668,213;669,979;670,579;670,377;669,737;669,020;668,193
050100;HUAMANGA;302,054;310,318;317,801;321,995;324,901;326,925;328,483;329,989;331,426
050101;AYACUCHO   ;105,944;108,794;111,370;112,794;113,761;114,419;114,918;115,393;115,845
050102;ACOCRO;8,308;8,573;8,818;8,974;9,095;9,193;9,277;9,361;9,443
050103;ACOS VINCHOS;4,714;4,844;4,964;5,030;5,079;5,112;5,138;5,163;5,188
050104;CARMEN ALTO ;30,156;30,973;31,712;32,121;32,402;32,595;32,741;32,883;33,016
050105;CHIARA;6,318;6,512;6,691;6,802;6,886;6,951;7,007;7,062;7,117
050106;OCROS   ;5,848;6,018;6,172;6,263;6,328;6,379;6,418;6,457;6,494
050107;PACAYCASA;3,380;3,477;3,565;3,617;3,654;3,682;3,704;3,725;3,746
050108;QUINUA;5,518;5,676;5,821;5,905;5,966;6,012;6,048;6,084;6,118
050109;SAN JOSE DE TICLLAS;1,515;1,558;1,596;1,620;1,635;1,646;1,655;1,663;1,673
050110;SAN JUAN BAUTISTA;51,455;52,764;53,934;54,544;54,933;55,173;55,331;55,479;55,617
050111;SANTIAGO DE PISCHA;1,552;1,598;1,639;1,662;1,680;1,693;1,703;1,714;1,724
050112;SOCOS;6,486;6,674;6,846;6,947;7,022;7,077;7,122;7,167;7,210
050113;TAMBILLO;5,655;5,835;6,001;6,106;6,187;6,251;6,309;6,364;6,419
050114;VINCHOS;15,293;15,780;16,233;16,519;16,743;16,922;17,076;17,231;17,381
050115;JESUS NAZARENO;19,955;20,517;21,028;21,321;21,530;21,680;21,800;21,917;22,028
050116;ANDRÉS AVELINO CÁCERES DORREGARAY   ;29,957;30,725;31,411;31,770;32,000;32,140;32,236;32,326;32,407
050200;CANGALLO;32,929;32,750;32,482;32,157;31,822;31,482;31,140;30,798;30,452
050201;CANGALLO;6,001;5,929;5,842;5,742;5,638;5,533;5,426;5,320;5,214
050202;CHUSCHI;9,015;9,080;9,119;9,146;9,181;9,218;9,256;9,292;9,322
050203;LOS MOROCHUCOS;8,212;8,227;8,217;8,188;8,152;8,110;8,064;8,016;7,964
050204;MARIA PARADO DE BELLIDO;2,145;2,088;2,026;1,963;1,899;1,835;1,772;1,713;1,654
050205;PARAS;4,404;4,347;4,279;4,202;4,122;4,040;3,959;3,877;3,797
050206;TOTOS;3,152;3,079;2,999;2,916;2,830;2,746;2,663;2,580;2,501
050300;HUANCA SANCOS;8,687;8,525;8,341;8,214;8,113;8,031;7,959;7,889;7,821
050301;SANCOS;3,246;3,217;3,181;3,156;3,137;3,123;3,108;3,095;3,083
050302;CARAPO;1,892;1,836;1,774;1,731;1,696;1,668;1,644;1,620;1,597
050303;SACSAMARCA;1,380;1,346;1,308;1,282;1,262;1,244;1,229;1,215;1,200
050304;SANTIAGO DE LUCANAMARCA;2,169;2,126;2,078;2,045;2,018;1,996;1,978;1,959;1,941
050400;HUANTA;96,811;97,144;97,205;97,759;98,088;98,255;98,322;98,351;98,328
050401;HUANTA    ;42,245;42,825;43,266;43,939;44,491;44,952;45,322;45,669;45,991
050402;AYAHUANCO   ;1,216;1,139;1,072;1,023;981;940;906;877;848
050403;HUAMANGUILLA;4,374;4,287;4,188;4,113;4,028;3,938;3,843;3,748;3,651
050404;IGUAIN;2,859;2,865;2,861;2,860;2,857;2,853;2,848;2,842;2,835
050405;LURICOCHA;6,078;6,157;6,217;6,311;6,389;6,454;6,513;6,565;6,614
050406;SANTILLANA 7/;4,058;3,985;3,900;3,623;3,553;3,477;3,399;3,318;3,235
050407;SIVIA   ;11,953;11,836;11,685;11,594;11,474;11,331;11,175;11,014;10,847
050408;LLOCHEGUA   ;11,241;11,371;11,466;11,622;11,748;11,851;11,939;12,017;12,089
050409;CANAYRE  ;4,074;4,233;4,384;4,515;4,646;4,777;4,909;5,041;5,170
050410;UCHURACCAY   ;3,842;3,763;3,672;3,605;3,526;3,443;3,358;3,274;3,188
050411;PUCACOLPA  ;2,612;2,453;2,299;2,167;2,040;1,918;1,804;1,695;1,585
050412;CHACA   ;2,259;2,230;2,195;2,172;2,143;2,111;2,076;2,041;2,005
050413;PUTIS 7/;Distrito creado en 2021;Distrito creado en 2021;Distrito creado en 2021;215;212;210;230;250;270
050500;LA MAR;76,706;76,096;75,277;74,448;73,649;72,869;72,104;71,340;70,574
050501;SAN MIGUEL 9/ 10/;11,298;11,373;11,410;8,145;8,191;8,239;8,287;8,334;8,381
050502;ANCO 4/;8,471;8,300;8,105;5,691;5,545;5,403;5,265;5,127;4,989
050503;AYNA;10,105;10,067;9,995;9,932;9,874;9,818;9,765;9,712;9,659
050504;CHILCAS;1,705;1,633;1,558;1,502;1,447;1,391;1,336;1,281;1,226
050505;CHUNGUI  ;4,553;4,505;4,443;4,379;4,320;4,262;4,205;4,149;4,093
050506;LUIS CARRANZA;1,353;1,361;1,365;1,372;1,380;1,386;1,394;1,401;1,408
050507;SANTA ROSA;12,540;12,633;12,686;12,728;12,772;12,820;12,868;12,917;12,964
050508;TAMBO;10,395;9,850;9,302;8,733;8,165;7,598;7,032;6,465;5,898
050509;SAMUGARI  8/;10,664;10,847;10,997;8,914;9,020;9,129;9,239;9,349;9,459
050510;ANCHIHUAY  ;4,500;4,429;4,345;4,255;4,170;4,087;4,007;3,926;3,845
050511;ORONCCOY  ;1,122;1,098;1,071;1,049;1,027;1,007;984;963;942
050512;UNIÓN PROGRESO 4/;Distrito creado en 2021;Distrito creado en 2021;Distrito creado en 2021;2,203;2,146;2,091;2,038;1,985;1,932
050513;RIO MAGDALENA 8/;Distrito creado en 2021;Distrito creado en 2021;Distrito creado en 2021;2,214;2,241;2,268;2,294;2,322;2,350
050514;NINABAMBA 9/;Distrito creado en 2021;Distrito creado en 2021;Distrito creado en 2021;1,869;1,880;1,891;1,902;1,912;1,922
050515;PATIBAMBA 10/;Distrito creado en 2021;Distrito creado en 2021;Distrito creado en 2021;1,462;1,471;1,479;1,488;1,497;1,506
050600;LUCANAS;53,946;52,957;51,838;51,052;50,431;49,922;49,473;49,033;48,602
050601;PUQUIO;14,557;14,572;14,535;14,527;14,517;14,515;14,510;14,505;14,500
050602;AUCARA;2,908;2,788;2,665;2,574;2,503;2,444;2,392;2,342;2,292
050603;CABANA;2,155;2,068;1,976;1,909;1,857;1,813;1,775;1,738;1,701
050604;CARMEN SALCEDO;1,743;1,637;1,532;1,453;1,391;1,340;1,295;1,251;1,208
050605;CHAVIÑA;2,322;2,312;2,296;2,286;2,279;2,272;2,267;2,261;2,256
050606;CHIPAO;2,658;2,551;2,443;2,363;2,299;2,248;2,202;2,157;2,113
050607;HUAC-HUAS;1,702;1,627;1,550;1,493;1,449;1,412;1,379;1,348;1,317
050608;LARAMATE;1,723;1,702;1,676;1,658;1,645;1,633;1,623;1,613;1,604
050609;LEONCIO PRADO;1,170;1,133;1,095;1,067;1,045;1,027;1,011;995;980
050610;LLAUTA;948;913;877;854;832;812;798;783;768
050611;LUCANAS;2,872;2,790;2,703;2,640;2,590;2,549;2,513;2,478;2,444
050612;OCAÑA;2,420;2,334;2,244;2,178;2,127;2,084;2,047;2,010;1,974
050613;OTOCA;2,013;1,932;1,848;1,786;1,738;1,698;1,663;1,628;1,595
050614;SAISA;859;854;848;844;841;838;836;833;831
050615;SAN CRISTOBAL;1,855;1,842;1,823;1,811;1,802;1,794;1,787;1,780;1,774
050616;SAN JUAN;1,028;1,012;994;981;971;963;956;949;942
050617;SAN PEDRO;2,776;2,722;2,661;2,618;2,584;2,556;2,532;2,508;2,484
050618;SAN PEDRO DE PALCO;983;941;898;866;841;822;803;786;768
050619;SANCOS;5,008;4,947;4,869;4,817;4,776;4,743;4,713;4,684;4,656
050620;SANTA ANA DE HUAYCAHUACHO;838;846;850;854;858;861;863;866;868
050621;SANTA LUCIA;1,408;1,434;1,455;1,473;1,486;1,498;1,508;1,518;1,527
050700;PARINACOCHAS;29,337;29,279;29,139;29,109;29,015;28,877;28,714;28,544;28,364
050701;CORACORA;13,871;13,733;13,549;13,414;13,240;13,047;12,835;12,618;12,393
050702;CHUMPI;2,312;2,248;2,179;2,117;2,053;1,986;1,918;1,852;1,787
050703;CORONEL CASTAÑEDA;1,829;1,884;1,934;1,992;2,045;2,095;2,145;2,193;2,242
050704;PACAPAUSA;644;599;556;520;486;455;427;403;380
050705;PULLO;6,757;6,984;7,191;7,424;7,641;7,843;8,035;8,222;8,402
050706;PUYUSCA;2,179;2,154;2,123;2,098;2,069;2,035;1,999;1,963;1,926
050707;SAN FRANCISCO DE RAVACAYCO;545;532;518;506;493;478;464;449;436
050708;UPAHUACHO;1,200;1,145;1,089;1,038;988;938;891;844;798
050800;PAUCAR DEL SARA SARA;10,097;10,017;9,909;9,800;9,694;9,593;9,492;9,390;9,290
050801;PAUSA;3,354;3,372;3,376;3,380;3,385;3,390;3,396;3,399;3,403
050802;COLTA;486;463;440;417;394;372;351;329;307
050803;CORCULLA;466;456;445;434;423;413;403;392;381
050804;LAMPA;2,071;2,031;1,983;1,937;1,892;1,848;1,805;1,762;1,720
050805;MARCABAMBA;650;636;621;606;591;577;562;548;534
050806;OYOLO;1,569;1,610;1,647;1,682;1,716;1,750;1,783;1,815;1,847
050807;PARARCA;430;412;392;373;354;336;318;300;282
050808;SAN JAVIER DE ALPABAMBA;305;290;275;260;246;231;217;205;193
050809;SAN JOSE DE USHUA;238;242;247;251;255;259;262;266;270
050810;SARA SARA;528;505;483;460;438;417;395;374;353
050900;SUCRE;9,774;9,543;9,292;9,131;9,013;8,925;8,852;8,780;8,712
050901;QUEROBAMBA;2,629;2,618;2,600;2,589;2,583;2,577;2,574;2,569;2,565
050902;BELEN;340;325;310;300;293;287;283;278;275
050903;CHALCOS;499;481;461;448;439;432;426;421;415
050904;CHILCAYOC;511;497;481;471;464;458;454;449;445
050905;HUACAÑA;382;365;348;337;328;322;317;312;307
050906;MORCOLLA;1,304;1,274;1,243;1,223;1,208;1,197;1,187;1,178;1,170
050907;PAICO;570;544;517;499;486;477;469;461;453
050908;SAN PEDRO DE LARCAY;842;829;814;805;798;793;788;784;780
050909;SAN SALVADOR DE QUIJE;1,027;982;936;906;883;867;853;839;826
050910;SANTIAGO DE PAUCARAY;614;590;565;549;537;528;520;513;506
050911;SORAS;1,056;1,038;1,017;1,004;994;987;981;976;970
051000;VICTOR FAJARDO;20,709;20,310;19,866;19,558;19,318;19,124;18,954;18,788;18,626
051001;HUANCAPI;1,963;1,923;1,878;1,847;1,823;1,803;1,786;1,769;1,752
051002;ALCAMENCA;1,548;1,474;1,399;1,345;1,302;1,268;1,238;1,208;1,178
051003;APONGO;641;602;565;537;516;498;483;469;455
051004;ASQUIPATA;486;484;482;481;480;478;476;474;472
051005;CANARIA;4,050;4,045;4,027;4,018;4,012;4,007;4,002;3,998;3,997
051006;CAYARA;1,174;1,158;1,138;1,125;1,115;1,106;1,099;1,092;1,085
051007;COLCA;1,055;1,039;1,020;1,007;997;989;982;975;968
051008;HUAMANQUIQUIA;1,137;1,124;1,107;1,096;1,087;1,081;1,075;1,069;1,063
051009;HUANCARAYLLA;1,322;1,283;1,241;1,211;1,188;1,170;1,153;1,137;1,121
051010;HUALLA;2,152;2,070;1,985;1,924;1,876;1,838;1,804;1,771;1,738
051011;SARHUA;2,693;2,661;2,624;2,599;2,579;2,563;2,549;2,536;2,524
051012;VILCANCHOS;2,488;2,447;2,400;2,368;2,343;2,323;2,307;2,290;2,273
051100;VILCAS HUAMAN;18,011;17,555;17,063;16,756;16,535;16,374;16,244;16,118;15,998
051101;VILCAS HUAMAN;6,798;6,663;6,513;6,421;6,353;6,306;6,265;6,229;6,193
051102;ACCOMARCA;921;887;851;828;812;801;791;782;772
051103;CARHUANCA;861;837;812;796;785;776;770;763;758
051104;CONCEPCION;1,725;1,642;1,558;1,504;1,465;1,437;1,414;1,392;1,370
051105;HUAMBALPA;1,402;1,342;1,280;1,240;1,212;1,191;1,175;1,158;1,143
051106;INDEPENDENCIA;1,191;1,144;1,095;1,064;1,042;1,025;1,012;999;987
051107;SAURAMA;1,105;1,075;1,042;1,022;1,007;996;988;979;971
051108;VISCHONGO;4,008;3,965;3,912;3,881;3,859;3,842;3,829;3,816;3,804
060000;CAJAMARCA;1,438,325;1,447,891;1,453,711;1,455,245;1,454,217;1,451,436;1,447,707;1,443,839;1,439,748
060100;CAJAMARCA;375,029;382,068;388,170;390,645;392,571;394,113;395,441;396,729;397,960
060101;CAJAMARCA;235,184;240,461;245,137;247,044;248,596;249,898;251,058;252,188;253,279
060102;ASUNCION;8,366;8,137;7,896;7,632;7,359;7,083;6,805;6,531;6,259
060103;CHETILLA;3,885;3,880;3,863;3,847;3,827;3,803;3,778;3,754;3,730
060104;COSPAN;7,266;7,222;7,159;7,117;7,069;7,018;6,966;6,914;6,863
060105;ENCAÑADA;20,512;20,310;20,052;19,735;19,393;19,036;18,673;18,314;17,957
060106;JESUS;16,255;16,483;16,666;16,751;16,813;16,858;16,893;16,928;16,960
060107;LLACANORA;6,342;6,508;6,657;6,695;6,723;6,745;6,763;6,781;6,797
060108;LOS BAÑOS DEL INCA;49,824;51,608;53,298;54,396;55,412;56,364;57,278;58,177;59,059
060109;MAGDALENA;8,868;8,851;8,809;8,770;8,722;8,668;8,611;8,555;8,498
060110;MATARA;3,786;3,795;3,793;3,784;3,766;3,748;3,728;3,704;3,682
060111;NAMORA;10,169;10,253;10,308;10,364;10,406;10,437;10,463;10,488;10,511
060112;SAN JUAN;4,572;4,560;4,532;4,510;4,485;4,455;4,425;4,395;4,365
060200;CAJABAMBA;81,489;82,434;83,167;83,516;83,747;83,896;83,998;84,093;84,174
060201;CAJABAMBA;33,115;33,715;34,231;34,538;34,762;34,929;35,063;35,192;35,312
060202;CACHACHI;25,315;25,479;25,575;25,589;25,599;25,606;25,611;25,616;25,621
060203;CONDEBAMBA;14,929;15,143;15,319;15,434;15,519;15,583;15,637;15,688;15,736
060204;SITACOCHA;8,130;8,097;8,042;7,955;7,867;7,778;7,687;7,597;7,505
060300;CELENDIN;84,423;84,282;83,916;83,575;82,965;82,172;81,283;80,381;79,457
060301;CELENDIN;28,346;28,761;29,097;29,442;29,695;29,886;30,049;30,220;30,396
060302;CHUMUCH;2,758;2,732;2,699;2,667;2,626;2,580;2,531;2,481;2,429
060303;CORTEGANA;7,449;7,406;7,343;7,282;7,197;7,095;6,984;6,871;6,754
060304;HUASMIN;11,223;11,069;10,885;10,703;10,485;10,241;9,982;9,717;9,444
060305;JORGE CHAVEZ;474;468;461;455;447;438;429;420;411
060306;JOSE GALVEZ;2,765;2,762;2,751;2,740;2,720;2,693;2,662;2,631;2,597
060307;MIGUEL IGLESIAS;4,054;3,993;3,922;3,853;3,771;3,681;3,586;3,489;3,391
060308;OXAMARCA;5,909;5,874;5,824;5,776;5,710;5,632;5,548;5,462;5,376
060309;SOROCHUCO;7,833;7,683;7,514;7,348;7,158;6,953;6,738;6,519;6,296
060310;SUCRE;5,511;5,491;5,455;5,419;5,364;5,296;5,220;5,142;5,060
060311;UTCO;1,112;1,097;1,081;1,067;1,052;1,036;1,021;1,007;995
060312;LA LIBERTAD DE PALLAN;6,989;6,946;6,884;6,823;6,740;6,641;6,533;6,422;6,308
060400;CHOTA;152,703;152,413;151,714;151,243;150,552;149,710;148,785;147,845;146,881
060401;CHOTA;50,325;50,847;51,231;51,686;52,061;52,378;52,658;52,925;53,177
060402;ANGUIA;3,356;3,290;3,216;3,147;3,074;2,998;2,922;2,846;2,770
060403;CHADIN;3,697;3,669;3,632;3,600;3,563;3,523;3,481;3,439;3,397
060404;CHIGUIRIP;3,771;3,704;3,628;3,558;3,483;3,405;3,325;3,247;3,168
060405;CHIMBAN;2,345;2,274;2,201;2,130;2,056;1,981;1,906;1,831;1,757
060406;CHOROPAMPA;2,439;2,377;2,311;2,248;2,182;2,114;2,046;1,979;1,911
060407;COCHABAMBA;5,950;5,899;5,832;5,774;5,708;5,637;5,564;5,490;5,415
060408;CONCHAN;6,013;5,986;5,944;5,911;5,869;5,821;5,770;5,719;5,667
060409;HUAMBOS;8,711;8,660;8,584;8,522;8,448;8,366;8,280;8,193;8,106
060410;LAJAS;11,745;11,681;11,586;11,509;11,415;11,310;11,200;11,088;10,976
060411;LLAMA;7,484;7,444;7,385;7,337;7,278;7,213;7,143;7,074;7,003
060412;MIRACOSTA;3,358;3,333;3,300;3,272;3,239;3,203;3,165;3,128;3,090
060413;PACCHA;4,697;4,666;4,621;4,584;4,540;4,492;4,442;4,392;4,341
060414;PION;1,272;1,248;1,222;1,197;1,171;1,144;1,116;1,089;1,062
060415;QUEROCOTO;8,874;8,863;8,826;8,803;8,768;8,723;8,674;8,624;8,572
060416;SAN JUAN DE LICUPIS;995;988;977;968;958;947;935;924;912
060417;TACABAMBA;16,986;16,850;16,668;16,513;16,334;16,140;15,938;15,736;15,533
060418;TOCMOCHE;896;890;880;872;864;855;846;833;824
060419;CHALAMARCA;9,789;9,744;9,670;9,612;9,541;9,460;9,374;9,288;9,200
060500;CONTUMAZA;29,594;29,516;29,357;29,208;28,964;28,658;28,319;27,975;27,626
060501;CONTUMAZA;8,142;8,111;8,061;8,017;7,945;7,855;7,756;7,655;7,550
060502;CHILETE;2,806;2,783;2,752;2,721;2,669;2,604;2,531;2,458;2,384
060503;CUPISNIQUE;1,424;1,415;1,402;1,389;1,369;1,343;1,314;1,285;1,255
060504;GUZMANGO;2,855;2,854;2,845;2,842;2,835;2,828;2,819;2,811;2,803
060505;SAN BENITO;3,591;3,605;3,607;3,608;3,612;3,617;3,622;3,628;3,635
060506;SANTA CRUZ DE TOLEDO;1,059;1,054;1,047;1,040;1,030;1,017;1,002;986;970
060507;TANTARICA;2,628;2,643;2,650;2,651;2,653;2,655;2,659;2,663;2,667
060508;YONAN;7,089;7,051;6,993;6,940;6,851;6,739;6,616;6,489;6,362
060600;CUTERVO;125,818;125,048;123,948;123,361;122,594;121,702;120,743;119,772;118,781
060601;CUTERVO;51,462;51,440;51,272;51,313;51,275;51,182;51,053;50,915;50,762
060602;CALLAYUC;9,736;9,694;9,627;9,598;9,554;9,501;9,442;9,381;9,318
060603;CHOROS;3,323;3,308;3,286;3,277;3,262;3,246;3,226;3,206;3,185
060604;CUJILLO;2,616;2,595;2,569;2,552;2,532;2,509;2,485;2,461;2,437
060605;LA RAMADA;4,077;4,032;3,977;3,940;3,897;3,849;3,800;3,751;3,701
060606;PIMPINGOS;5,269;5,202;5,121;5,063;4,998;4,927;4,856;4,784;4,712
060607;QUEROCOTILLO;13,843;13,646;13,416;13,241;13,051;12,849;12,641;12,435;12,228
060608;SAN ANDRES DE CUTERVO;4,419;4,353;4,276;4,219;4,155;4,087;4,020;3,952;3,883
060609;SAN JUAN DE CUTERVO;1,897;1,878;1,856;1,840;1,822;1,803;1,782;1,761;1,739
060610;SAN LUIS DE LUCMA;3,127;3,067;2,999;2,945;2,888;2,828;2,768;2,708;2,650
060611;SANTA CRUZ;2,747;2,713;2,671;2,641;2,608;2,572;2,534;2,497;2,461
060612;SANTO DOMINGO DE LA CAPILLA;5,076;5,052;5,015;4,999;4,974;4,944;4,912;4,878;4,845
060613;SANTO TOMAS;7,695;7,660;7,603;7,577;7,541;7,496;7,446;7,397;7,344
060614;SOCOTA;9,378;9,279;9,156;9,072;8,975;8,869;8,760;8,649;8,539
060615;TORIBIO CASANOVA;1,153;1,129;1,104;1,084;1,062;1,040;1,018;997;977
060700;HUALGAYOC;84,617;84,378;83,913;83,473;82,766;81,878;80,896;79,903;78,893
060701;BAMBAMARCA;65,279;65,077;64,702;64,343;63,780;63,076;62,299;61,515;60,716
060702;CHUGUR;3,039;3,003;2,959;2,917;2,866;2,809;2,751;2,691;2,633
060703;HUALGAYOC;16,299;16,298;16,252;16,213;16,120;15,993;15,846;15,697;15,544
060800;JAEN;199,911;202,081;203,724;204,729;205,445;205,959;206,361;206,742;207,093
060801;JAEN;102,445;104,361;106,009;107,039;107,925;108,709;109,435;110,148;110,846
060802;BELLAVISTA;16,212;16,313;16,370;16,428;16,464;16,484;16,496;16,507;16,515
060803;CHONTALI;10,329;10,374;10,391;10,435;10,464;10,484;10,499;10,512;10,524
060804;COLASAY;10,682;10,639;10,567;10,498;10,414;10,321;10,223;10,124;10,025
060805;HUABAL;8,762;8,887;8,989;9,021;9,041;9,052;9,059;9,065;9,069
060806;LAS PIRIAS;4,586;4,621;4,643;4,660;4,670;4,676;4,680;4,683;4,685
060807;POMAHUACA;9,151;9,211;9,245;9,278;9,299;9,311;9,319;9,325;9,330
060808;PUCARA;6,878;6,873;6,850;6,873;6,888;6,895;6,899;6,903;6,905
060809;SALLIQUE;7,542;7,536;7,509;7,509;7,502;7,490;7,474;7,459;7,443
060810;SAN FELIPE;4,868;4,809;4,740;4,662;4,577;4,490;4,398;4,306;4,215
060811;SAN JOSE DEL ALTO;7,847;7,959;8,050;8,114;8,151;8,169;8,177;8,185;8,188
060812;SANTA ROSA;10,609;10,498;10,361;10,212;10,050;9,878;9,702;9,525;9,348
060900;SAN IGNACIO;143,012;144,580;145,770;146,477;146,978;147,334;147,610;147,871;148,110
060901;SAN IGNACIO;38,745;39,506;40,171;40,710;41,202;41,664;42,102;42,546;42,984
060902;CHIRINOS;15,530;15,773;15,974;16,121;16,246;16,354;16,454;16,553;16,650
060903;HUARANGO;18,874;18,766;18,607;18,384;18,131;17,856;17,563;17,260;16,954
060904;LA COIPA;20,778;21,032;21,229;21,354;21,446;21,516;21,573;21,625;21,674
060905;NAMBALLE;9,967;9,970;9,945;9,885;9,809;9,719;9,621;9,517;9,412
060906;SAN JOSE DE LOURDES;19,570;19,757;19,890;19,955;19,989;20,001;20,013;20,025;20,033
060907;TABACONAS;19,548;19,776;19,954;20,068;20,155;20,224;20,284;20,345;20,403
061000;SAN MARCOS;51,448;51,633;51,678;51,882;52,012;52,090;52,141;52,186;52,223
061001;PEDRO GALVEZ;21,245;21,494;21,685;21,941;22,165;22,367;22,545;22,715;22,882
061002;CHANCAY;3,099;3,088;3,069;3,058;3,042;3,023;3,003;2,982;2,961
061003;EDUARDO VILLANUEVA;2,903;2,975;3,039;3,114;3,186;3,254;3,323;3,393;3,462
061004;GREGORIO PITA;5,406;5,284;5,150;5,035;4,913;4,791;4,667;4,545;4,422
061005;ICHOCAN;1,995;1,987;1,971;1,961;1,950;1,935;1,920;1,905;1,890
061006;JOSE MANUEL QUIROZ;3,703;3,670;3,627;3,595;3,558;3,516;3,473;3,430;3,386
061007;JOSE SABOGAL;13,097;13,135;13,137;13,178;13,198;13,204;13,210;13,216;13,220
061100;SAN MIGUEL;48,330;47,782;47,114;46,468;45,681;44,805;43,889;42,980;42,072
061101;SAN MIGUEL;14,260;14,167;14,036;13,919;13,767;13,596;13,414;13,234;13,053
061102;BOLIVAR;1,359;1,336;1,310;1,285;1,252;1,216;1,178;1,141;1,103
061103;CALQUIS;4,298;4,295;4,281;4,273;4,260;4,245;4,228;4,210;4,194
061104;CATILLUC;2,890;2,855;2,813;2,772;2,721;2,664;2,604;2,543;2,484
061105;EL PRADO;1,699;1,680;1,657;1,635;1,608;1,575;1,543;1,510;1,477
061106;LA FLORIDA;2,216;2,193;2,165;2,138;2,105;2,066;2,026;1,986;1,946
061107;LLAPA;4,689;4,633;4,563;4,497;4,414;4,320;4,221;4,123;4,025
061108;NANCHOC;1,374;1,373;1,370;1,368;1,365;1,361;1,356;1,352;1,348
061109;NIEPOS;3,434;3,359;3,276;3,193;3,089;2,973;2,851;2,731;2,611
061110;SAN GREGORIO;2,306;2,293;2,274;2,257;2,236;2,211;2,185;2,159;2,132
061111;SAN SILVESTRE DE COCHAN;3,840;3,781;3,711;3,643;3,558;3,463;3,362;3,262;3,163
061112;TONGOD;2,756;2,644;2,530;2,402;2,274;2,144;2,014;1,884;1,755
061113;UNION AGUA BLANCA;3,209;3,173;3,128;3,086;3,032;2,971;2,907;2,845;2,781
061200;SAN PABLO;22,657;22,677;22,638;22,449;22,225;21,981;21,722;21,461;21,197
061201;SAN PABLO;13,417;13,457;13,460;13,372;13,263;13,142;13,011;12,877;12,739
061202;SAN BERNARDINO;4,590;4,590;4,578;4,536;4,487;4,432;4,375;4,318;4,260
061203;SAN LUIS;983;953;922;886;850;815;780;747;715
061204;TUMBADEN;3,667;3,677;3,678;3,655;3,625;3,592;3,556;3,519;3,483
061300;SANTA CRUZ;39,294;38,999;38,602;38,219;37,717;37,138;36,519;35,901;35,281
061301;SANTA CRUZ;9,814;9,799;9,756;9,715;9,640;9,546;9,435;9,325;9,211
061302;ANDABAMBA;1,371;1,343;1,311;1,280;1,247;1,211;1,175;1,140;1,104
061303;CATACHE;9,808;9,852;9,870;9,891;9,875;9,838;9,784;9,729;9,667
061304;CHANCAYBAÑOS;3,532;3,505;3,468;3,432;3,386;3,330;3,273;3,214;3,155
061305;LA ESPERANZA;2,426;2,391;2,351;2,311;2,264;2,213;2,161;2,108;2,056
061306;NINABAMBA;2,131;2,067;1,999;1,933;1,864;1,792;1,721;1,653;1,587
061307;PULAN;4,026;3,962;3,887;3,815;3,731;3,641;3,549;3,456;3,365
061308;SAUCEPAMPA;1,482;1,442;1,399;1,357;1,314;1,268;1,222;1,178;1,134
061309;SEXI;447;443;437;433;426;419;412;403;398
061310;UTICYACU;1,310;1,284;1,255;1,226;1,194;1,160;1,126;1,092;1,060
061311;YAUYUCAN;2,947;2,911;2,869;2,826;2,776;2,720;2,661;2,603;2,544
070000;CALLAO;1,078,789;1,105,512;1,129,854;1,151,480;1,171,648;1,190,860;1,209,614;1,228,411;1,247,227
070100;CALLAO;1,078,789;1,105,512;1,129,854;1,151,480;1,171,648;1,190,860;1,209,614;1,228,411;1,247,227
070101;CALLAO;492,879;503,234;512,386;520,709;528,405;535,664;542,675;549,626;556,500
070102;BELLAVISTA;79,358;80,139;80,704;81,122;81,428;81,656;81,839;82,009;82,164
070103;CARMEN DE LA LEGUA REYNOSO;45,396;45,963;46,409;46,772;47,071;47,327;47,558;47,783;48,001
070104;LA PERLA;63,657;64,142;64,454;64,524;64,612;64,714;64,826;64,945;65,073
070105;LA PUNTA;3,979;3,963;3,935;3,902;3,862;3,819;3,775;3,732;3,687
070106;VENTANILLA  ;343,900;357,035;369,618;380,894;391,564;401,862;412,023;422,286;432,648
070107;MI PERU  ;49,620;51,036;52,348;53,557;54,706;55,818;56,918;58,030;59,154
080000;CUSCO;1,320,530;1,340,457;1,357,075;1,369,932;1,380,594;1,389,737;1,398,036;1,406,165;1,414,069
080100;CUSCO;484,248;498,169;511,019;520,558;528,541;535,453;541,768;547,972;554,027
080101;CUSCO;117,110;117,821;118,127;118,510;118,843;119,148;119,438;119,732;120,026
080102;CCORCA;2,403;2,408;2,405;2,407;2,407;2,410;2,413;2,416;2,417
080103;POROY;10,535;11,418;12,333;12,969;13,497;13,953;14,369;14,777;15,177
080104;SAN JERONIMO;62,369;66,405;70,453;73,312;75,696;77,751;79,628;81,475;83,279
080105;SAN SEBASTIAN;122,835;128,607;134,182;138,200;141,559;144,460;147,108;149,718;152,277
080106;SANTIAGO;100,663;102,400;103,817;104,961;105,919;106,739;107,473;108,170;108,825
080107;SAYLLA;7,090;7,702;8,338;8,779;9,146;9,462;9,751;10,034;10,311
080108;WANCHAQ;61,243;61,408;61,364;61,420;61,474;61,530;61,588;61,650;61,715
080200;ACOMAYO;24,437;24,251;24,000;23,855;23,732;23,632;23,545;23,456;23,372
080201;ACOMAYO;4,726;4,678;4,616;4,579;4,548;4,523;4,500;4,479;4,458
080202;ACOPIA;2,964;3,010;3,048;3,077;3,102;3,121;3,137;3,153;3,167
080203;ACOS;2,378;2,367;2,350;2,341;2,333;2,328;2,323;2,319;2,314
080204;MOSOC LLACTA;1,167;1,118;1,069;1,036;1,007;983;963;940;920
080205;POMACANCHI;7,701;7,661;7,598;7,564;7,537;7,515;7,497;7,479;7,461
080206;RONDOCAN;2,046;1,982;1,915;1,871;1,832;1,800;1,772;1,743;1,717
080207;SANGARARA;3,455;3,435;3,404;3,387;3,373;3,362;3,353;3,343;3,335
080300;ANTA;61,564;62,428;63,131;63,665;64,097;64,455;64,769;65,070;65,355
080301;ANTA;23,817;24,667;25,464;26,038;26,512;26,916;27,276;27,628;27,974
080302;ANCAHUASI;7,616;7,711;7,784;7,835;7,873;7,900;7,922;7,943;7,962
080303;CACHIMAYO;2,615;2,681;2,742;2,787;2,823;2,854;2,882;2,909;2,935
080304;CHINCHAYPUJIO;4,394;4,370;4,333;4,311;4,292;4,275;4,260;4,244;4,227
080305;HUAROCONDO;4,796;4,722;4,634;4,576;4,528;4,486;4,447;4,409;4,370
080306;LIMATAMBO;7,958;7,868;7,754;7,681;7,620;7,567;7,517;7,468;7,417
080307;MOLLEPATA;3,395;3,450;3,496;3,531;3,559;3,580;3,600;3,617;3,633
080308;PUCYURA;3,223;3,199;3,166;3,146;3,128;3,113;3,099;3,084;3,068
080309;ZURITE;3,750;3,760;3,758;3,760;3,762;3,764;3,766;3,768;3,769
080400;CALCA;70,370;71,071;71,582;71,906;72,114;72,243;72,326;72,397;72,453
080401;CALCA;22,681;23,082;23,423;23,653;23,833;23,969;24,084;24,188;24,283
080402;COYA;3,649;3,652;3,645;3,639;3,631;3,620;3,609;3,599;3,588
080403;LAMAY;5,856;5,920;5,967;5,997;6,016;6,029;6,038;6,046;6,054
080404;LARES;6,513;6,472;6,412;6,368;6,324;6,284;6,244;6,205;6,167
080405;PISAC;11,214;11,425;11,607;11,728;11,817;11,885;11,942;11,997;12,049
080406;SAN SALVADOR;6,002;6,097;6,175;6,225;6,258;6,281;6,295;6,308;6,317
080407;TARAY;4,771;4,832;4,880;4,911;4,932;4,947;4,958;4,969;4,979
080408;YANATILE;9,684;9,591;9,473;9,385;9,303;9,228;9,156;9,085;9,016
080500;CANAS;35,199;35,024;34,754;34,605;34,487;34,389;34,302;34,218;34,137
080501;YANAOCA;9,314;9,302;9,270;9,256;9,247;9,239;9,232;9,226;9,221
080502;CHECCA;5,547;5,523;5,485;5,464;5,448;5,435;5,422;5,412;5,400
080503;KUNTURKANKI;5,214;5,204;5,178;5,166;5,158;5,151;5,145;5,139;5,134
080504;LANGUI;2,174;2,142;2,104;2,079;2,060;2,043;2,029;2,014;2,000
080505;LAYO;5,635;5,600;5,548;5,518;5,495;5,475;5,457;5,441;5,424
080506;PAMPAMARCA;1,909;1,903;1,889;1,885;1,878;1,874;1,870;1,865;1,862
080507;QUEHUE;2,741;2,704;2,660;2,632;2,609;2,590;2,573;2,556;2,540
080508;TUPAC AMARU;2,665;2,646;2,620;2,605;2,592;2,582;2,574;2,565;2,556
080600;CANCHIS;104,611;105,685;106,476;106,990;107,333;107,558;107,716;107,855;107,973
080601;SICUANI;62,983;63,931;64,711;65,225;65,594;65,864;66,071;66,264;66,437
080602;CHECACUPE;5,150;5,191;5,217;5,235;5,246;5,253;5,258;5,263;5,268
080603;COMBAPATA;5,035;5,038;5,026;5,017;5,006;4,995;4,984;4,972;4,961
080604;MARANGANI;10,479;10,453;10,399;10,359;10,320;10,280;10,243;10,207;10,170
080605;PITUMARCA;8,126;8,257;8,366;8,440;8,496;8,538;8,574;8,605;8,634
080606;SAN PABLO;4,542;4,515;4,475;4,446;4,420;4,395;4,372;4,349;4,326
080607;SAN PEDRO;2,827;2,821;2,808;2,798;2,789;2,780;2,769;2,759;2,751
080608;TINTA;5,469;5,479;5,474;5,470;5,462;5,453;5,445;5,436;5,426
080700;CHUMBIVILCAS;70,794;70,565;70,143;69,930;69,763;69,627;69,508;69,395;69,285
080701;SANTO TOMAS;23,039;22,958;22,809;22,733;22,673;22,624;22,581;22,541;22,500
080702;CAPACMARCA;4,185;4,158;4,119;4,097;4,079;4,064;4,051;4,037;4,025
080703;CHAMACA;6,671;6,596;6,503;6,445;6,399;6,359;6,324;6,288;6,255
080704;COLQUEMARCA;7,327;7,228;7,110;7,036;6,974;6,923;6,876;6,831;6,787
080705;LIVITACA;12,575;12,704;12,798;12,879;12,949;13,009;13,066;13,121;13,176
080706;LLUSCO;4,594;4,462;4,322;4,227;4,149;4,083;4,022;3,964;3,907
080707;QUIÑOTA;4,051;4,036;4,010;3,997;3,986;3,978;3,969;3,964;3,956
080708;VELILLE;8,352;8,423;8,472;8,516;8,554;8,587;8,619;8,649;8,679
080800;ESPINAR;61,987;62,108;62,059;62,098;62,140;62,182;62,225;62,269;62,312
080801;ESPINAR;37,493;38,252;38,886;39,539;40,173;40,781;41,373;41,945;42,506
080802;CONDOROMA;919;896;872;854;839;824;812;800;788
080803;COPORAQUE;10,632;10,236;9,824;9,434;9,055;8,688;8,333;7,992;7,663
080804;OCORURO;1,074;1,035;995;962;931;902;874;846;818
080805;PALLPATA;5,137;5,130;5,111;5,094;5,075;5,059;5,040;5,021;5,002
080806;PICHIGUA;2,960;2,896;2,824;2,767;2,714;2,663;2,614;2,565;2,514
080807;SUYCKUTAMBO;1,712;1,640;1,566;1,498;1,433;1,371;1,312;1,258;1,205
080808;ALTO PICHIGUA;2,060;2,023;1,981;1,950;1,920;1,894;1,867;1,842;1,816
080900;LA CONVENCIÓN;167,312;167,846;167,910;168,159;168,389;168,604;168,812;169,020;169,227
080901;SANTA ANA;30,570;30,330;29,990;29,744;29,650;29,456;29,105;28,908;28,710
080902;ECHARATE 12/;26,660;26,006;25,281;18,650;18,247;17,871;17,510;17,150;16,790
080903;HUAYOPATA;5,545;5,525;5,487;5,462;5,440;5,418;5,398;5,378;5,358
080904;MARANURA;5,448;5,336;5,209;5,108;5,017;4,930;4,847;4,764;4,681
080905;OCOBAMBA;6,061;6,025;5,985;5,944;5,903;5,861;5,819;5,778;5,737
080906;QUELLOUNO;15,173;15,187;15,150;15,132;15,112;15,091;15,071;15,053;15,035
080907;KIMBIRI 13/ 14/;18,240;18,702;19,099;13,688;13,885;14,056;14,212;14,360;14,508
080908;SANTA TERESA;6,972;6,969;6,945;6,933;6,921;6,912;6,902;6,894;6,886
080909;VILCABAMBA    ;10,464;10,359;10,240;10,146;10,058;9,976;9,899;9,822;9,745
080910;PICHARI  16/;25,025;26,160;27,234;22,680;23,299;24,006;24,860;25,560;26,260
080911;INKAWASI  ;4,913;4,979;5,031;5,079;5,125;5,166;5,207;5,249;5,291
080912;VILLA VIRGEN  ;2,332;2,365;2,391;2,416;2,437;2,458;2,479;2,501;2,523
080913;VILLA KINTIARINA  ;2,322;2,350;2,369;2,388;2,405;2,420;2,431;2,442;2,453
080914;MEGANTONI   ;7,587;7,553;7,499;7,461;7,427;7,394;7,363;7,335;7,307
080915;KUMPIRUSHIATO 12/;Distrito creado en 2021;Distrito creado en 2021;Distrito creado en 2021;6,054;5,923;5,801;5,683;5,567;5,451
080916;CIELO PUNCO  13/;Distrito creado en 2021;Distrito creado en 2021;Distrito creado en 2021;2,204;2,235;2,263;2,288;2,312;2,336
080917;MANITEA  14/;Distrito creado en 2021;Distrito creado en 2021;Distrito creado en 2021;3,531;3,582;3,626;3,666;3,704;3,742
080918;UNIÓN ASHÁNINKA  16/;Distrito creado en 2021;Distrito creado en 2021;Distrito creado en 2021;5,539;5,723;5,899;6,072;6,243;6,414
081000;PARURO;27,212;26,964;26,644;26,450;26,293;26,161;26,043;25,928;25,817
081001;PARURO;3,473;3,479;3,474;3,474;3,475;3,477;3,479;3,481;3,484
081002;ACCHA;3,224;3,179;3,125;3,091;3,064;3,041;3,020;3,000;2,980
081003;CCAPI;3,221;3,175;3,121;3,087;3,059;3,036;3,015;2,995;2,975
081004;COLCHA;999;974;948;931;916;905;894;884;874
081005;HUANOQUITE;5,140;5,116;5,078;5,057;5,040;5,025;5,012;4,999;4,987
081006;OMACHA;5,923;5,891;5,842;5,814;5,792;5,771;5,752;5,734;5,718
081007;PACCARITAMBO;2,139;2,118;2,092;2,076;2,063;2,052;2,042;2,033;2,024
081008;PILLPINTO;1,072;1,054;1,033;1,020;1,009;1,000;993;984;975
081009;YAURISQUE;2,021;1,978;1,931;1,900;1,875;1,854;1,836;1,818;1,800
081100;PAUCARTAMBO;47,175;47,442;47,579;47,732;47,866;47,985;48,098;48,209;48,319
081101;PAUCARTAMBO;13,177;13,323;13,435;13,536;13,627;13,709;13,788;13,867;13,946
081102;CAICAY;2,952;3,005;3,050;3,089;3,122;3,151;3,181;3,210;3,239
081103;CHALLABAMBA;9,488;9,468;9,421;9,398;9,379;9,364;9,350;9,337;9,324
081104;COLQUEPATA;9,004;8,973;8,915;8,883;8,858;8,836;8,815;8,795;8,776
081105;HUANCARANI;7,689;7,788;7,866;7,923;7,966;8,001;8,029;8,055;8,079
081106;KOSÑIPATA;4,865;4,885;4,892;4,903;4,914;4,924;4,935;4,945;4,955
081200;QUISPICANCHI;98,076;100,027;101,735;103,046;104,148;105,104;105,981;106,844;107,685
081201;URCOS;11,785;11,984;12,152;12,279;12,416;12,538;12,657;12,774;12,888
081202;ANDAHUAYLILLAS;6,567;6,760;6,938;7,095;7,245;7,382;7,509;7,637;7,761
081203;CAMANTI;2,502;2,556;2,603;2,638;2,668;2,692;2,710;2,727;2,743
081204;CCARHUAYO;3,107;3,136;3,156;3,172;3,186;3,197;3,204;3,211;3,217
081205;CCATCA;14,950;15,039;15,084;15,122;15,165;15,186;15,197;15,207;15,214
081206;CUSIPATA;4,672;4,673;4,661;4,654;4,652;4,645;4,635;4,627;4,616
081207;HUARO;4,860;4,919;4,965;5,000;5,032;5,055;5,073;5,091;5,107
081208;LUCRE;4,971;5,103;5,223;5,326;5,423;5,510;5,592;5,669;5,747
081209;MARCAPATA;4,873;4,917;4,947;4,971;4,994;5,008;5,019;5,029;5,038
081210;OCONGATE;17,664;18,147;18,587;18,796;19,019;19,224;19,417;19,609;19,799
081211;OROPESA;10,535;11,054;11,563;12,050;12,323;12,583;12,836;13,087;13,336
081212;QUIQUIJANA;11,590;11,739;11,856;11,943;12,025;12,084;12,132;12,176;12,219
081300;URUBAMBA;67,545;68,877;70,043;70,938;71,691;72,344;72,943;73,532;74,107
081301;URUBAMBA;22,637;23,222;23,754;24,178;24,550;24,885;25,201;25,516;25,828
081302;CHINCHERO;11,761;12,043;12,298;12,498;12,671;12,825;12,970;13,115;13,258
081303;HUAYLLABAMBA;6,062;6,192;6,308;6,395;6,467;6,529;6,585;6,639;6,691
081304;MACHUPICCHU;5,623;5,671;5,704;5,729;5,746;5,761;5,772;5,782;5,791
081305;MARAS;6,670;6,729;6,769;6,799;6,822;6,839;6,853;6,865;6,877
081306;OLLANTAYTAMBO;11,447;11,642;11,808;11,918;12,000;12,061;12,110;12,154;12,193
081307;YUCAY;3,345;3,378;3,402;3,421;3,435;3,444;3,452;3,461;3,469
090000;HUANCAVELICA;376,346;371,260;365,317;358,356;350,845;343,026;335,142;327,440;319,894
090100;HUANCAVELICA;123,958;122,765;121,265;119,976;118,575;117,093;115,573;114,056;112,540
090101;HUANCAVELICA;42,325;42,674;42,858;42,962;43,082;43,223;43,380;43,556;43,733
090102;ACOBAMBILLA;2,146;2,027;1,909;1,807;1,702;1,597;1,489;1,379;1,269
090103;ACORIA;18,954;18,013;17,056;16,315;15,483;14,580;13,632;12,668;11,704
090104;CONAYCA;909;879;848;827;804;778;751;725;699
090105;CUENCA;1,191;1,130;1,071;1,024;975;926;877;826;775
090106;HUACHOCOLPA;1,975;1,893;1,807;1,745;1,674;1,598;1,517;1,436;1,355
090107;HUAYLLAHUARA;700;681;662;651;637;623;608;592;576
090108;IZCUCHACA;923;916;905;905;906;908;910;912;914
090109;LARIA;779;747;717;694;669;641;612;583;554
090110;MANTA;1,006;962;917;883;846;805;762;718;674
090111;MARISCAL CACERES;532;514;494;482;470;451;435;415;395
090112;MOYA;1,025;966;911;865;814;758;700;641;582
090113;NUEVO OCCORO;1,829;1,769;1,706;1,664;1,617;1,565;1,511;1,457;1,403
090114;PALCA;2,102;2,005;1,906;1,831;1,746;1,655;1,559;1,461;1,363
090115;PILCHACA;537;528;517;512;508;502;496;490;484
090116;VILCA;2,008;1,922;1,834;1,769;1,695;1,615;1,532;1,447;1,362
090117;YAULI;21,166;20,557;19,892;19,291;18,684;18,070;17,448;16,817;16,186
090118;ASCENSION;17,124;17,963;18,765;19,388;20,031;20,696;21,383;22,094;22,805
090119;HUANDO;6,727;6,619;6,490;6,361;6,232;6,102;5,971;5,839;5,707
090200;ACOBAMBA;40,672;39,108;37,503;35,858;34,179;32,508;30,880;29,329;27,849
090201;ACOBAMBA ;9,689;9,652;9,579;9,468;9,320;9,148;8,955;8,758;8,552
090202;ANDABAMBA;3,396;3,287;3,171;3,050;2,922;2,791;2,662;2,538;2,418
090203;ANTA;4,951;4,718;4,483;4,244;4,004;3,767;3,538;3,321;3,115
090204;CAJA;1,962;1,887;1,809;1,729;1,645;1,562;1,481;1,402;1,328
090205;MARCAS;1,633;1,577;1,519;1,457;1,394;1,329;1,265;1,205;1,145
090206;PAUCARA ;10,733;9,911;9,117;8,355;7,625;6,937;6,300;5,714;5,178
090207;POMACOCHA;3,067;2,973;2,873;2,766;2,654;2,540;2,426;2,314;2,208
090208;ROSARIO;5,241;5,103;4,952;4,789;4,615;4,434;4,253;4,077;3,905
090300;ANGARAES;53,985;54,015;53,901;52,928;51,904;50,847;49,774;48,704;47,636
090301;LIRCAY;25,639;25,801;25,891;25,649;25,384;25,102;24,808;24,509;24,207
090302;ANCHONGA;7,734;7,781;7,805;7,684;7,557;7,425;7,290;7,155;7,019
090303;CALLANMARCA;652;634;615;585;555;525;495;468;441
090304;CCOCHACCASA;3,226;3,216;3,198;3,118;3,032;2,943;2,854;2,767;2,679
090305;CHINCHO;1,014;991;967;925;885;848;807;770;735
090306;CONGALLA;3,866;3,831;3,786;3,677;3,566;3,453;3,339;3,226;3,113
090307;HUANCA-HUANCA;1,437;1,423;1,405;1,360;1,311;1,261;1,212;1,162;1,112
090308;HUAYLLAY GRANDE;1,155;1,103;1,051;982;915;851;792;733;677
090309;JULCAMARCA;1,879;1,907;1,929;1,911;1,889;1,862;1,834;1,805;1,774
090310;SAN ANTONIO DE ANTAPARCO;2,513;2,474;2,429;2,337;2,243;2,147;2,051;1,957;1,864
090311;SANTO TOMAS DE PATA;1,555;1,536;1,513;1,460;1,405;1,350;1,295;1,238;1,184
090312;SECCLLA;3,315;3,318;3,312;3,240;3,162;3,080;2,997;2,914;2,831
090400;CASTROVIRREYNA;15,214;14,917;14,588;14,227;13,833;13,423;13,009;12,608;12,218
090401;CASTROVIRREYNA;3,217;3,199;3,172;3,134;3,084;3,033;2,970;2,912;2,851
090402;ARMA;1,042;1,008;972;935;895;855;816;778;742
090403;AURAHUA;1,585;1,543;1,497;1,447;1,395;1,342;1,289;1,238;1,189
090404;CAPILLAS;980;948;915;880;844;806;770;734;701
090405;CHUPAMARCA;964;950;935;916;894;870;847;824;801
090406;COCAS;768;754;737;718;699;676;655;634;613
090407;HUACHOS;985;933;880;828;777;726;679;634;592
090408;HUAMATAMBO;423;422;418;415;408;403;397;388;380
090409;MOLLEPAMPA;1,253;1,229;1,201;1,172;1,138;1,103;1,067;1,032;998
090410;SAN JUAN;745;758;769;777;784;789;791;793;794
090411;SANTA ANA;943;886;834;783;735;688;645;607;572
090412;TANTARA;705;699;691;680;668;654;640;626;611
090413;TICRAPO;1,604;1,588;1,567;1,542;1,512;1,478;1,443;1,408;1,374
090500;CHURCAMPA;35,290;34,625;33,883;33,066;32,173;31,238;30,298;29,386;28,497
090501;CHURCAMPA;5,562;5,534;5,493;5,441;5,376;5,302;5,231;5,161;5,095
090502;ANCO;5,941;5,896;5,833;5,757;5,667;5,568;5,463;5,365;5,271
090503;CHINCHIHUASI;2,084;1,987;1,889;1,789;1,687;1,584;1,481;1,379;1,278
090504;EL CARMEN;2,611;2,576;2,533;2,482;2,423;2,360;2,296;2,236;2,178
090505;LA MERCED;1,173;1,178;1,179;1,183;1,186;1,189;1,192;1,195;1,199
090506;LOCROJA;3,596;3,534;3,464;3,379;3,284;3,181;3,077;2,978;2,881
090507;PAUCARBAMBA;4,721;4,544;4,362;4,167;3,966;3,762;3,559;3,360;3,164
090508;SAN MIGUEL DE MAYOCC;801;777;751;726;699;672;646;618;591
090509;SAN PEDRO DE CORIS;3,664;3,604;3,535;3,452;3,357;3,256;3,154;3,057;2,962
090510;PACHAMARCA;1,997;1,930;1,861;1,791;1,718;1,645;1,571;1,499;1,428
090511;COSME ;3,140;3,065;2,983;2,899;2,810;2,719;2,628;2,538;2,450
090600;HUAYTARA;18,833;18,529;18,182;17,793;17,361;16,905;16,443;15,994;15,555
090601;HUAYTARA;2,371;2,375;2,374;2,365;2,350;2,332;2,312;2,293;2,274
090602;AYAVI;833;833;830;824;816;807;798;789;780
090603;CORDOVA;1,058;991;927;865;801;738;674;613;552
090604;HUAYACUNDO ARMA;485;488;488;492;494;496;497;498;499
090605;LARAMARCA;905;892;876;855;829;802;775;749;723
090606;OCOYO;858;795;735;684;631;579;527;476;426
090607;PILPICHACA;3,038;2,973;2,899;2,799;2,691;2,570;2,453;2,336;2,227
090608;QUERCO;1,151;1,183;1,211;1,241;1,272;1,302;1,330;1,359;1,385
090609;QUITO-ARMA;745;733;718;699;676;651;627;603;580
090610;SAN ANTONIO DE CUSICANCHA;1,473;1,455;1,431;1,399;1,362;1,322;1,280;1,241;1,203
090611;SAN FRANCISCO DE SANGAYAICO;998;1,015;1,029;1,043;1,055;1,068;1,079;1,090;1,100
090612;SAN ISIDRO;1,149;1,150;1,148;1,142;1,133;1,123;1,111;1,101;1,090
090613;SANTIAGO DE CHOCORVOS;1,812;1,706;1,600;1,492;1,381;1,271;1,161;1,053;947
090614;SANTIAGO DE QUIRAHUARA;397;377;356;333;311;287;264;241;221
090615;SANTO DOMINGO DE CAPILLAS;801;778;751;725;697;668;640;612;584
090616;TAMBO;759;785;809;835;862;889;915;940;964
090700;TAYACAJA;88,394;87,301;85,995;84,508;82,820;81,012;79,165;77,363;75,599
090701;PAMPAS  ;10,892;11,101;11,278;11,419;11,515;11,582;11,628;11,670;11,718
090702;ACOSTAMBO;3,530;3,453;3,365;3,269;3,166;3,057;2,948;2,842;2,737
090703;ACRAQUIA;3,772;3,664;3,548;3,424;3,293;3,158;3,025;2,897;2,770
090704;AHUAYCHA;4,154;4,071;3,978;3,873;3,758;3,637;3,516;3,396;3,278
090705;COLCABAMBA     ;12,206;12,112;11,989;11,822;11,614;11,385;11,139;10,899;10,664
090706;DANIEL HERNANDEZ  ;9,959;9,996;10,002;10,033;10,052;10,065;10,074;10,084;10,099
090707;HUACHOCOLPA 2/;3,433;3,320;2,426;2,380;2,329;2,274;2,217;2,162;2,108
090709;HUARIBAMBA   ;3,222;3,141;3,052;2,955;2,852;2,745;2,639;2,535;2,432
090710;ÑAHUIMPUQUIO;1,573;1,527;1,479;1,426;1,372;1,315;1,260;1,206;1,153
090711;PAZOS;5,513;5,361;5,198;5,021;4,834;4,643;4,452;4,266;4,082
090713;QUISHUAR;779;767;752;736;718;695;675;654;633
090714;SALCABAMBA;4,166;4,090;4,005;3,907;3,799;3,685;3,568;3,453;3,340
090715;SALCAHUASI;2,884;2,813;2,734;2,648;2,557;2,461;2,367;2,275;2,184
090716;SAN MARCOS DE ROCCHAC;1,959;1,875;1,789;1,703;1,613;1,527;1,443;1,364;1,286
090717;SURCUBAMBA 2/;5,099;5,104;4,236;4,158;4,068;3,971;3,872;3,776;3,682
090718;TINTAY PUNCU 5/;3,219;3,057;2,893;1,677;1,575;1,472;1,368;1,265;1,163
090719;QUICHUAS   ;4,307;4,301;4,281;4,246;4,198;4,139;4,076;4,012;3,950
090720;ANDAYMARCA  ;2,630;2,650;2,662;2,671;2,677;2,682;2,685;2,689;2,694
090721;ROBLE   ;1,374;1,294;1,216;1,140;1,066;996;930;869;808
090722;PICHOS   ;2,076;1,986;1,894;1,800;1,705;1,612;1,521;1,433;1,346
090723;SANTIAGO DE TUCUMA  ;1,647;1,618;1,585;1,545;1,503;1,457;1,411;1,367;1,324
090724;LAMBRAS 2/;Distrito creado en 2020;Distrito creado en 2020;1,633;1,603;1,568;1,531;1,493;1,455;1,418
090725;COCHABAMBA 5/;Distrito creado en 2021;Distrito creado en 2021;Distrito creado en 2021;1,052;988;923;858;794;730
100000;HUÁNUCO;757,467;759,851;760,267;758,416;755,213;751,097;746,509;741,887;737,187
100100;HUÁNUCO;307,723;312,201;315,799;318,371;320,269;321,671;322,752;323,703;324,500
100101;HUÁNUCO;92,440;94,200;95,540;96,397;97,086;97,688;98,234;98,752;99,240
100102;AMARILIS ;85,811;87,373;88,635;89,553;90,762;91,704;92,458;93,101;93,627
100103;CHINCHAO     ;13,316;13,262;13,159;13,015;12,920;12,790;12,639;12,478;12,306
100104;CHURUBAMBA;16,764;16,080;15,364;14,619;13,954;13,276;12,602;11,948;11,313
100105;MARGOS   ;4,514;4,312;4,120;3,935;3,784;3,639;3,503;3,380;3,266
100106;QUISQUI    ;3,637;3,454;3,279;3,108;2,963;2,825;2,694;2,575;2,463
100107;SAN FRANCISCO DE CAYRAN ;4,897;4,881;4,847;4,798;4,767;4,723;4,672;4,617;4,558
100108;SAN PEDRO DE CHAULAN   ;3,502;3,074;2,748;2,538;2,484;2,428;2,369;2,310;2,248
100109;SANTA MARIA DEL VALLE ;21,395;21,672;21,872;21,987;22,123;22,239;22,342;22,439;22,529
100110;YARUMAYO;1,590;1,588;1,584;1,578;1,578;1,576;1,572;1,563;1,557
100111;PILLCO MARCA  ;46,137;48,775;51,354;53,829;55,072;56,275;57,452;58,621;59,779
100112;YACUS  ;5,293;5,200;5,092;4,965;4,857;4,738;4,611;4,483;4,353
100113;SAN PABLO DE PILLAO   ;8,427;8,330;8,205;8,049;7,919;7,770;7,604;7,436;7,261
100200;AMBO;53,549;53,474;53,247;52,850;52,348;51,776;51,164;50,544;49,916
100201;AMBO;22,143;22,746;23,267;23,696;24,054;24,358;24,614;24,840;25,035
100202;CAYNA;2,577;2,486;2,391;2,290;2,188;2,088;1,988;1,893;1,800
100203;COLPAS;1,770;1,700;1,629;1,555;1,482;1,408;1,338;1,270;1,207
100204;CONCHAMARCA;4,644;4,533;4,411;4,276;4,135;3,991;3,847;3,706;3,569
100205;HUACAR;8,100;8,090;8,053;7,994;7,920;7,837;7,748;7,659;7,570
100206;SAN FRANCISCO;1,565;1,467;1,374;1,284;1,199;1,118;1,045;977;914
100207;SAN RAFAEL;9,223;9,009;8,772;8,508;8,230;7,946;7,663;7,385;7,112
100208;TOMAY KICHWA;3,527;3,443;3,350;3,247;3,140;3,030;2,921;2,814;2,709
100300;DOS DE MAYO;34,376;33,436;32,427;31,346;30,239;29,127;28,030;26,965;25,930
100301;LA UNION;6,992;7,056;7,093;7,102;7,108;7,110;7,112;7,114;7,125
100307;CHUQUIS;3,395;3,262;3,123;2,980;2,833;2,686;2,542;2,402;2,265
100311;MARIAS;5,867;5,714;5,547;5,363;5,170;4,968;4,768;4,568;4,373
100313;PACHAS;5,543;5,179;4,821;4,470;4,131;3,806;3,500;3,215;2,933
100316;QUIVILLA;1,218;1,156;1,094;1,031;968;907;849;792;736
100317;RIPAN;5,502;5,422;5,324;5,208;5,078;4,938;4,784;4,628;4,477
100321;SHUNQUI;1,701;1,636;1,567;1,496;1,423;1,350;1,279;1,210;1,142
100322;SILLAPATA;1,824;1,744;1,662;1,578;1,493;1,409;1,327;1,249;1,172
100323;YANAS;2,334;2,267;2,196;2,118;2,035;1,953;1,869;1,787;1,707
100400;HUACAYBAMBA;16,939;16,677;16,372;16,020;15,644;15,255;14,862;14,475;14,092
100401;HUACAYBAMBA;5,950;5,888;5,809;5,711;5,602;5,488;5,370;5,253;5,135
100402;CANCHABAMBA;2,775;2,754;2,725;2,688;2,645;2,599;2,552;2,505;2,456
100403;COCHABAMBA;1,611;1,533;1,454;1,375;1,297;1,221;1,149;1,081;1,016
100404;PINRA;6,603;6,502;6,384;6,246;6,100;5,947;5,791;5,636;5,485
100500;HUAMALIES;54,108;53,168;52,095;50,876;49,585;48,253;46,915;45,599;44,305
100501;LLATA;13,925;13,842;13,718;13,583;13,439;13,289;13,136;12,980;12,823
100502;ARANCAY;1,381;1,351;1,316;1,278;1,237;1,193;1,150;1,109;1,067
100503;CHAVIN DE PARIARCA;3,938;3,908;3,866;3,808;3,739;3,665;3,586;3,508;3,426
100504;JACAS GRANDE;5,992;5,958;5,906;5,828;5,735;5,631;5,521;5,409;5,296
100505;JIRCAN;1,428;1,338;1,249;1,163;1,079;1,002;926;858;794
100506;MIRAFLORES;3,180;3,156;3,124;3,077;3,023;2,963;2,900;2,836;2,773
100507;MONZON;12,980;12,540;12,077;11,578;11,068;10,556;10,054;9,568;9,097
100508;PUNCHAO;2,032;2,006;1,976;1,937;1,893;1,847;1,799;1,751;1,703
100509;PUÑOS;4,240;4,199;4,146;4,075;3,995;3,906;3,815;3,722;3,631
100510;SINGA;3,182;3,115;3,039;2,952;2,861;2,765;2,669;2,574;2,481
100511;TANTAMAYO;1,830;1,755;1,678;1,597;1,516;1,436;1,359;1,284;1,214
100600;LEONCIO PRADO;134,572;136,609;138,275;139,505;140,453;141,195;141,809;142,380;142,896
100601;RUPA-RUPA   ;55,795;57,034;58,126;59,087;59,894;60,575;61,187;61,769;62,329
100602;DANIEL ALOMIA ROBLES;6,833;6,867;6,880;6,887;6,890;6,893;6,896;6,899;6,898
100603;HERMILIO VALDIZAN   ;3,707;3,704;3,691;3,668;3,635;3,596;3,550;3,506;3,461
100604;JOSE CRESPO Y CASTILLO       ;23,280;23,581;23,817;23,875;23,918;23,949;23,973;23,994;24,006
100605;LUYANDO ;9,335;9,424;9,485;9,505;9,519;9,529;9,535;9,541;9,543
100606;MARIANO DAMASO BERAUN;10,868;11,042;11,187;11,304;11,390;11,455;11,504;11,549;11,590
100607;PUCAYACU   ;3,910;3,920;3,917;3,922;3,924;3,928;3,932;3,936;3,938
100608;CASTILLO GRANDE   ;13,672;13,904;14,099;14,260;14,382;14,476;14,552;14,622;14,686
100609;PUEBLO NUEVO  ;4,447;4,433;4,406;4,369;4,320;4,263;4,200;4,137;4,072
100610;SANTO DOMINGO DE ANDA   ;2,725;2,700;2,667;2,628;2,581;2,531;2,480;2,427;2,373
100700;MARAÑÓN;28,715;28,978;29,160;29,249;29,277;29,263;29,224;29,175;29,117
100701;HUACRACHUCO;15,178;15,142;15,048;15,077;15,077;15,058;15,026;14,989;14,948
100702;CHOLON      ;5,793;5,722;5,629;5,573;5,507;5,432;5,353;5,273;5,190
100703;SAN BUENAVENTURA;2,173;2,139;2,097;2,059;2,010;1,956;1,898;1,839;1,779
100704;LA MORADA   ;3,127;3,415;3,713;3,811;3,902;3,988;4,072;4,154;4,235
100705;SANTA ROSA DE ALTO YANAJANCA   ;2,444;2,560;2,673;2,729;2,781;2,829;2,875;2,920;2,965
100800;PACHITEA;51,870;51,043;50,086;48,986;47,812;46,597;45,372;44,165;42,974
100801;PANAO;18,400;18,291;18,126;17,963;17,778;17,579;17,376;17,175;16,978
100802;CHAGLLA;10,733;10,518;10,278;10,009;9,714;9,405;9,093;8,791;8,495
100803;MOLINO;11,117;11,030;10,912;10,601;10,277;9,946;9,614;9,284;8,958
100804;UMARI  ;11,620;11,204;10,770;10,413;10,043;9,667;9,289;8,915;8,543
100900;PUERTO INCA;36,016;36,550;36,987;37,306;37,553;37,743;37,903;38,050;38,185
100901;PUERTO INCA;10,318;10,505;10,665;10,781;10,870;10,938;10,993;11,040;11,084
100902;CODO DEL POZUZO;7,862;8,065;8,248;8,400;8,532;8,647;8,753;8,857;8,955
100903;HONORIA;4,916;4,856;4,782;4,711;4,637;4,562;4,485;4,408;4,332
100904;TOURNAVISTA  ;6,281;6,420;6,543;6,642;6,723;6,789;6,850;6,909;6,964
100905;YUYAPICHIS;6,639;6,704;6,749;6,772;6,791;6,807;6,822;6,836;6,850
101000;LAURICOCHA;19,200;18,153;17,114;16,080;15,077;14,115;13,201;12,342;11,535
101001;JESUS;4,240;4,084;3,921;3,751;3,578;3,407;3,240;3,079;2,924
101002;BAÑOS;1,957;1,776;1,606;1,447;1,301;1,167;1,046;937;839
101003;JIVIA;1,206;1,120;1,035;950;869;790;714;644;578
101004;QUEROPALCA;1,020;972;924;875;827;780;735;691;650
101005;RONDOS;3,824;3,589;3,356;3,123;2,896;2,679;2,473;2,279;2,096
101006;SAN FRANCISCO DE ASIS;1,301;1,227;1,152;1,078;1,007;939;874;813;756
101007;SAN MIGUEL DE CAURI;5,652;5,385;5,120;4,856;4,599;4,353;4,119;3,899;3,692
101100;YAROWILCA;20,399;19,562;18,705;17,827;16,956;16,102;15,277;14,489;13,737
101101;CHAVINILLO;4,891;4,736;4,570;4,390;4,207;4,026;3,848;3,682;3,523
101102;CAHUAC;1,144;1,032;928;874;821;768;716;664;613
101103;CHACABAMBA;1,092;991;898;847;795;745;694;645;595
101104;APARICIO POMARES;4,942;4,857;4,754;4,566;4,379;4,194;4,013;3,836;3,661
101105;JACAS CHICO;1,118;1,062;1,006;948;892;837;786;737;693
101106;OBAS;4,002;3,846;3,684;3,513;3,342;3,175;3,014;2,863;2,721
101107;PAMPAMARCA;1,138;1,067;996;925;859;794;736;681;631
101108;CHORAS;2,072;1,971;1,869;1,764;1,661;1,563;1,470;1,381;1,300
110000;ICA;923,175;950,100;975,182;998,144;1,020,050;1,041,312;1,062,346;1,083,566;1,104,956
110100;ICA;421,151;433,860;445,752;456,677;467,131;477,304;487,385;497,565;507,840
110101;ICA;160,288;164,698;168,765;173,261;177,538;181,683;185,788;189,946;194,155
110102;LA TINGUIÑA;43,141;44,689;46,164;47,727;49,227;50,694;52,159;53,650;55,168
110103;LOS AQUIJES;23,802;24,761;25,686;26,242;26,796;27,349;27,906;28,470;29,041
110104;OCUCAJE;4,847;4,998;5,141;5,297;5,448;5,597;5,744;5,893;6,046
110105;PACHACUTEC;7,838;8,070;8,284;8,519;8,741;8,955;9,168;9,381;9,596
110106;PARCONA;58,266;59,294;60,173;61,178;62,071;62,883;63,641;64,373;65,073
110107;PUEBLO NUEVO;6,920;7,220;7,513;7,832;8,150;8,469;8,795;9,131;9,477
110108;SALAS;27,910;29,202;30,467;31,068;31,666;32,263;32,864;33,472;34,088
110109;SAN JOSE DE LOS MOLINOS;7,616;7,811;7,989;8,186;8,372;8,552;8,727;8,906;9,086
110110;SAN JUAN BAUTISTA;14,928;15,246;15,527;15,845;16,137;16,414;16,683;16,952;17,222
110111;SANTIAGO;29,524;30,262;30,933;31,591;32,245;32,899;33,558;34,224;34,899
110112;SUBTANJALLA;29,864;31,277;32,666;33,358;34,046;34,735;35,428;36,130;36,840
110113;TATE;4,975;5,085;5,184;5,295;5,398;5,496;5,591;5,687;5,783
110114;YAUCA DEL ROSARIO ;1,232;1,247;1,260;1,278;1,296;1,315;1,333;1,350;1,366
110200;CHINCHA;248,750;255,687;262,110;267,938;273,463;278,796;284,051;289,340;294,656
110201;CHINCHA ALTA;73,730;75,486;77,070;78,523;79,899;81,231;82,545;83,871;85,207
110202;ALTO LARAN;8,372;8,639;8,891;9,119;9,339;9,551;9,760;9,971;10,182
110203;CHAVIN;2,263;2,455;2,658;2,856;3,057;3,261;3,469;3,683;3,903
110204;CHINCHA BAJA;14,151;14,401;14,613;14,783;14,928;15,055;15,172;15,285;15,392
110205;EL CARMEN;13,515;13,745;13,940;14,093;14,222;14,335;14,437;14,534;14,628
110206;GROCIO PRADO;27,419;28,264;29,052;29,770;30,450;31,106;31,753;32,403;33,053
110207;PUEBLO NUEVO;69,371;71,511;73,510;75,326;77,050;78,716;80,353;81,998;83,646
110208;SAN JUAN DE YANAC;1,362;1,511;1,673;1,831;1,993;2,157;2,326;2,499;2,678
110209;SAN PEDRO DE HUACARPANA;1,055;1,069;1,083;1,098;1,111;1,126;1,144;1,162;1,184
110210;SUNAMPE;31,295;32,204;33,046;33,809;34,535;35,235;35,927;36,625;37,329
110211;TAMBO DE MORA;6,217;6,402;6,574;6,730;6,879;7,023;7,165;7,309;7,454
110300;NASCA  ;74,339;76,481;78,472;80,285;82,012;83,684;85,334;86,998;88,674
110301;NASCA  ;29,090;29,473;29,772;30,312;30,819;31,304;31,780;32,259;32,744
110302;CHANGUILLO;2,130;2,155;2,175;2,214;2,247;2,282;2,313;2,347;2,379
110303;EL INGENIO;3,460;3,527;3,585;3,669;3,749;3,825;3,901;3,977;4,054
110304;MARCONA;17,044;17,563;18,046;18,634;19,194;19,732;20,265;20,803;21,346
110305;VISTA ALEGRE;22,615;23,763;24,894;25,456;26,003;26,541;27,075;27,612;28,151
110400;PALPA;14,433;14,652;14,832;15,008;15,175;15,337;15,498;15,660;15,824
110401;PALPA;8,434;8,589;8,722;8,842;8,952;9,056;9,160;9,263;9,365
110402;LLIPATA;1,697;1,732;1,765;1,798;1,829;1,859;1,891;1,924;1,957
110403;RIO GRANDE;2,898;2,926;2,946;2,970;2,995;3,021;3,046;3,073;3,100
110404;SANTA CRUZ;1,036;1,039;1,037;1,038;1,041;1,045;1,046;1,048;1,051
110405;TIBILLO;368;366;362;360;358;356;355;352;351
110500;PISCO;164,502;169,420;174,016;178,236;182,269;186,191;190,078;194,003;197,962
110501;PISCO;74,035;76,406;78,636;80,733;82,721;84,646;86,548;88,467;90,405
110502;HUANCANO;1,492;1,474;1,452;1,448;1,443;1,437;1,432;1,426;1,420
110503;HUMAY;5,759;5,811;5,846;5,886;5,923;5,958;5,990;6,022;6,055
110504;INDEPENDENCIA;14,129;14,357;14,544;14,733;14,908;15,074;15,235;15,397;15,559
110505;PARACAS;7,942;8,472;9,011;9,546;10,082;10,622;11,173;11,739;12,318
110506;SAN ANDRES;15,450;15,742;15,995;16,242;16,471;16,690;16,903;17,118;17,331
110507;SAN CLEMENTE;27,019;27,985;28,904;29,776;30,611;31,423;32,227;33,037;33,853
110508;TUPAC AMARU INCA;18,676;19,173;19,628;19,872;20,110;20,341;20,570;20,797;21,021
120000;JUNÍN;1,335,139;1,350,021;1,361,467;1,369,003;1,374,221;1,377,838;1,380,561;1,383,107;1,385,412
120100;HUANCAYO;572,314;584,464;595,183;603,163;609,721;615,295;620,318;625,237;630,005
120101;HUANCAYO;122,804;123,748;124,294;125,146;125,709;126,080;126,352;126,618;126,869
120104;CARHUACALLANGA;515;492;468;449;431;416;402;389;376
120105;CHACAPAMPA;983;964;941;920;899;880;862;844;827
120106;CHICCHE;761;725;687;656;630;606;584;562;541
120107;CHILCA;96,609;98,573;100,252;101,522;102,548;103,407;104,173;104,922;105,647
120108;CHONGOS ALTO;1,551;1,540;1,523;1,503;1,481;1,459;1,437;1,416;1,395
120111;CHUPURO;2,090;2,096;2,095;2,083;2,065;2,044;2,023;2,003;1,982
120112;COLCA;1,064;1,047;1,032;1,014;996;978;960;943;926
120113;CULLHUAS;1,395;1,351;1,308;1,269;1,233;1,199;1,167;1,138;1,108
120114;EL TAMBO;171,500;173,882;175,725;177,221;178,306;179,110;179,769;180,415;181,033
120116;HUACRAPUQUIO;1,420;1,420;1,415;1,403;1,390;1,374;1,358;1,341;1,326
120117;HUALHUAS;5,631;5,825;6,006;6,056;6,092;6,118;6,139;6,160;6,180
120119;HUANCAN;27,005;28,507;29,996;30,981;31,882;32,720;33,516;34,295;35,054
120120;HUASICANCHA;866;855;840;825;810;796;781;768;754
120121;HUAYUCACHI;10,456;10,705;10,925;11,007;11,063;11,102;11,132;11,161;11,189
120122;INGENIO;2,489;2,472;2,448;2,417;2,384;2,349;2,315;2,281;2,249
120124;PARIAHUANCA   ;5,481;5,348;5,201;5,056;4,902;4,744;4,586;4,431;4,280
120125;PILCOMAYO;21,979;23,024;24,039;24,862;25,618;26,322;26,992;27,648;28,287
120126;PUCARA;4,998;4,937;4,859;4,777;4,695;4,613;4,533;4,455;4,379
120127;QUICHUAY;1,937;1,937;1,931;1,916;1,896;1,876;1,853;1,832;1,811
120128;QUILCAS;4,045;4,060;4,063;4,089;4,105;4,115;4,122;4,128;4,134
120129;SAN AGUSTIN;17,064;17,885;18,684;19,381;20,025;20,627;21,202;21,764;22,313
120130;SAN JERONIMO DE TUNAN;12,476;12,772;13,031;13,206;13,350;13,471;13,580;13,687;13,790
120132;SAÑO;5,920;6,171;6,412;6,526;6,623;6,709;6,789;6,866;6,942
120133;SAPALLANGA;22,967;24,193;25,401;26,179;26,887;27,543;28,165;28,774;29,367
120134;SICAYA;18,834;20,503;22,244;23,457;24,599;25,684;26,727;27,748;28,744
120135;SANTO DOMINGO DE ACOBAMBA;6,669;6,547;6,406;6,252;6,086;5,915;5,743;5,574;5,410
120136;VIQUES;2,805;2,885;2,957;2,990;3,016;3,038;3,056;3,074;3,092
120200;CONCEPCIÓN;59,210;59,256;59,138;58,982;58,774;58,528;58,257;57,975;57,682
120201;CONCEPCION;16,402;16,631;16,806;16,973;17,124;17,260;17,391;17,514;17,631
120202;ACO;1,692;1,669;1,643;1,615;1,586;1,556;1,526;1,496;1,465
120203;ANDAMARCA;3,652;3,514;3,371;3,224;3,075;2,926;2,776;2,627;2,479
120204;CHAMBARA;2,728;2,706;2,675;2,643;2,609;2,574;2,537;2,501;2,464
120205;COCHAS;2,014;1,995;1,971;1,946;1,919;1,890;1,862;1,833;1,804
120206;COMAS;5,712;5,547;5,369;5,187;5,002;4,815;4,627;4,440;4,253
120207;HEROINAS TOLEDO;1,014;983;949;916;880;845;809;774;739
120208;MANZANARES;1,537;1,537;1,532;1,526;1,519;1,512;1,503;1,494;1,485
120209;MARISCAL CASTILLA;1,475;1,472;1,465;1,457;1,448;1,438;1,427;1,416;1,405
120210;MATAHUASI;6,135;6,236;6,318;6,396;6,468;6,536;6,599;6,661;6,720
120211;MITO;1,462;1,462;1,457;1,452;1,445;1,437;1,429;1,420;1,412
120212;NUEVE DE JULIO;2,417;2,488;2,555;2,619;2,679;2,738;2,795;2,850;2,905
120213;ORCOTUNA;5,038;5,142;5,233;5,319;5,401;5,478;5,551;5,623;5,693
120214;SAN JOSE DE QUERO;5,829;5,774;5,702;5,627;5,548;5,465;5,381;5,296;5,211
120215;SANTA ROSA DE OCOPA;2,103;2,100;2,092;2,082;2,071;2,058;2,044;2,030;2,016
120300;CHANCHAMAYO;167,344;167,598;167,385;167,060;166,583;165,994;165,335;164,643;163,919
120301;CHANCHAMAYO;28,709;28,984;29,175;29,354;29,494;29,604;29,695;29,775;29,843
120302;PERENE;59,569;59,984;60,225;60,416;60,585;60,737;60,876;61,010;61,138
120303;PICHANAQUI;44,032;43,511;42,869;42,209;41,498;40,752;39,986;39,213;38,436
120304;SAN LUIS DE SHUARO;4,322;4,151;3,976;3,779;3,580;3,381;3,181;2,981;2,781
120305;SAN RAMON;28,880;29,194;29,425;29,643;29,821;29,970;30,097;30,214;30,319
120306;VITOC;1,832;1,774;1,715;1,659;1,605;1,550;1,500;1,450;1,402
120400;JAUJA;88,854;88,751;88,405;88,002;87,522;86,986;86,417;85,832;85,233
120401;JAUJA;19,415;19,710;19,948;20,164;20,347;20,509;20,651;20,779;20,892
120402;ACOLLA;6,425;6,267;6,093;5,917;5,737;5,556;5,374;5,196;5,021
120403;APATA;4,651;4,625;4,586;4,542;4,491;4,436;4,376;4,317;4,255
120404;ATAURA;1,366;1,376;1,382;1,390;1,398;1,405;1,412;1,417;1,423
120405;CANCHAYLLO;1,708;1,703;1,692;1,680;1,665;1,648;1,630;1,613;1,593
120406;CURICACA;1,501;1,479;1,454;1,427;1,399;1,370;1,339;1,309;1,279
120407;EL MANTARO;2,727;2,739;2,743;2,750;2,758;2,768;2,778;2,787;2,797
120408;HUAMALI;1,707;1,685;1,659;1,630;1,601;1,569;1,537;1,504;1,472
120409;HUARIPAMPA;1,085;1,089;1,090;1,096;1,105;1,115;1,124;1,135;1,145
120410;HUERTAS;2,172;2,205;2,231;2,255;2,275;2,293;2,309;2,324;2,338
120411;JANJAILLO;587;572;557;542;529;514;502;491;479
120412;JULCAN;774;768;758;750;739;728;717;705;693
120413;LEONOR ORDOÑEZ;1,625;1,623;1,616;1,607;1,597;1,584;1,570;1,556;1,540
120414;LLOCLLAPAMPA;1,206;1,194;1,179;1,163;1,145;1,127;1,107;1,087;1,068
120415;MARCO;1,531;1,491;1,447;1,403;1,359;1,313;1,269;1,225;1,183
120416;MASMA;1,842;1,810;1,774;1,736;1,696;1,656;1,614;1,573;1,532
120417;MASMA CHICCHE;768;756;742;727;711;695;679;664;647
120418;MOLINOS;1,647;1,633;1,614;1,593;1,571;1,547;1,522;1,496;1,470
120419;MONOBAMBA;1,818;1,869;1,917;1,964;2,008;2,051;2,093;2,135;2,176
120420;MUQUI;1,059;1,059;1,057;1,053;1,047;1,041;1,032;1,025;1,017
120421;MUQUIYAUYO;2,388;2,387;2,380;2,370;2,356;2,340;2,323;2,303;2,283
120422;PACA;928;903;876;848;820;792;765;737;711
120423;PACCHA;1,504;1,460;1,413;1,366;1,319;1,273;1,228;1,184;1,141
120424;PANCAN;1,287;1,278;1,264;1,250;1,234;1,217;1,198;1,179;1,161
120425;PARCO;1,203;1,180;1,152;1,123;1,095;1,064;1,035;1,006;977
120426;POMACANCHA;1,484;1,434;1,382;1,331;1,277;1,227;1,176;1,127;1,079
120427;RICRAN;1,326;1,282;1,236;1,191;1,145;1,102;1,060;1,017;979
120428;SAN LORENZO;2,719;2,768;2,808;2,846;2,881;2,911;2,940;2,967;2,992
120429;SAN PEDRO DE CHUNAN;717;697;675;654;632;610;588;568;547
120430;SAUSA;3,273;3,321;3,361;3,396;3,428;3,454;3,479;3,501;3,522
120431;SINCOS;4,264;4,247;4,217;4,183;4,143;4,098;4,051;4,001;3,950
120432;TUNAN MARCA;1,056;1,029;998;968;939;907;877;847;818
120433;YAULI;1,134;1,095;1,055;1,015;976;935;897;859;823
120434;YAUYOS;9,957;10,017;10,049;10,072;10,099;10,131;10,165;10,198;10,230
120500;JUNÍN;23,797;23,304;22,757;22,208;21,651;21,096;20,545;20,005;19,472
120501;JUNÍN;11,419;11,346;11,238;11,033;10,817;10,593;10,368;10,146;9,924
120502;CARHUAMAYO;6,827;6,699;6,554;6,357;6,157;5,962;5,769;5,581;5,399
120503;ONDORES;1,232;1,153;1,075;1,047;1,021;996;971;947;923
120504;ULCUMAYO;4,319;4,106;3,890;3,771;3,656;3,545;3,437;3,331;3,226
120600;SATIPO;230,946;235,317;239,105;242,015;244,445;246,539;248,446;250,318;252,138
120601;SATIPO;41,659;42,214;42,647;43,048;43,401;43,720;44,019;44,313;44,601
120602;COVIRIALI;6,359;6,476;6,573;6,650;6,711;6,759;6,799;6,834;6,862
120603;LLAYLLA;7,117;7,340;7,548;7,711;7,849;7,972;8,085;8,197;8,306
120604;MAZAMARI ;41,128;42,212;43,191;43,977;44,652;45,250;45,804;46,348;46,881
120605;PAMPA HERMOSA;4,003;3,825;3,654;3,490;3,335;3,191;3,057;2,937;2,827
120606;PANGOA  ;62,274;63,895;65,356;66,529;67,539;68,433;69,263;70,079;70,876
120607;RIO NEGRO ;32,977;33,745;34,427;34,984;35,464;35,890;36,286;36,675;37,055
120608;RIO TAMBO;30,406;30,204;29,909;29,549;29,138;28,688;28,215;27,735;27,247
120609;VIZCATÁN DEL ENE   ;5,023;5,406;5,800;6,077;6,356;6,636;6,918;7,200;7,483
120700;TARMA;94,725;93,407;91,849;90,255;88,605;86,925;85,236;83,559;81,895
120701;TARMA;50,765;50,739;50,544;50,198;49,795;49,358;48,896;48,431;47,966
120702;ACOBAMBA;9,959;9,683;9,387;9,075;8,762;8,449;8,140;7,833;7,527
120703;HUARICOLCA;1,966;1,891;1,813;1,730;1,648;1,568;1,491;1,416;1,346
120704;HUASAHUASI;10,530;10,157;9,768;9,366;8,969;8,577;8,189;7,808;7,429
120705;LA UNION;3,689;3,675;3,650;3,616;3,579;3,539;3,498;3,457;3,416
120706;PALCA;5,991;5,953;5,897;5,834;5,770;5,705;5,641;5,578;5,517
120707;PALCAMAYO;3,513;3,253;3,006;2,900;2,794;2,688;2,584;2,480;2,376
120708;SAN PEDRO DE CAJAS;3,628;3,473;3,314;3,187;3,061;2,935;2,810;2,686;2,562
120709;TAPO;4,684;4,583;4,470;4,349;4,227;4,106;3,987;3,870;3,756
120800;YAULI;41,382;40,763;40,041;39,306;38,549;37,781;37,013;36,255;35,505
120801;LA OROYA;14,400;14,067;13,700;13,326;12,949;12,570;12,194;11,824;11,461
120802;CHACAPALPA;701;683;665;648;629;613;594;578;561
120803;HUAY-HUAY;2,087;2,134;2,176;2,212;2,246;2,277;2,308;2,339;2,370
120804;MARCAPOMACOCHA;845;816;784;757;730;703;676;650;623
120805;MOROCOCHA;5,276;5,280;5,270;5,259;5,244;5,227;5,208;5,189;5,171
120806;PACCHA;1,681;1,665;1,644;1,623;1,604;1,582;1,562;1,541;1,521
120807;SANTA BARBARA DE CARHUACAYAN;1,111;1,057;1,003;952;903;856;811;769;727
120808;SANTA ROSA DE SACCO;9,006;8,824;8,618;8,415;8,207;7,998;7,788;7,577;7,364
120809;SUITUCANCHA;738;725;710;696;681;665;650;634;619
120810;YAULI;5,537;5,512;5,471;5,418;5,356;5,290;5,222;5,154;5,088
120900;CHUPACA;56,567;57,161;57,604;58,012;58,371;58,694;58,994;59,283;59,563
120901;CHUPACA;21,539;21,574;21,538;21,479;21,432;21,393;21,361;21,329;21,298
120902;AHUAC;6,741;6,754;6,745;6,709;6,677;6,648;6,619;6,591;6,563
120903;CHONGOS BAJO;4,733;4,761;4,774;4,805;4,829;4,845;4,857;4,867;4,875
120904;HUACHAC;3,146;3,093;3,030;2,986;2,938;2,889;2,837;2,783;2,728
120905;HUAMANCACA CHICO;9,672;10,259;10,839;11,380;11,881;12,354;12,810;13,263;13,716
120906;SAN JUAN DE ISCOS;2,327;2,325;2,314;2,316;2,314;2,307;2,297;2,280;2,259
120907;SAN JUAN DE JARPA;2,756;2,680;2,598;2,528;2,455;2,381;2,307;2,236;2,164
120908;TRES DE DICIEMBRE;2,896;3,007;3,114;3,223;3,325;3,423;3,518;3,613;3,708
120909;YANACANCHA;2,757;2,708;2,652;2,586;2,520;2,454;2,388;2,321;2,252
130000;LA LIBERTAD;1,938,501;1,979,901;2,016,771;2,048,492;2,077,345;2,104,254;2,130,145;2,155,943;2,181,593
130100;TRUJILLO;1,060,030;1,090,514;1,118,724;1,141,386;1,162,870;1,183,543;1,203,783;1,223,977;1,244,099
130101;TRUJILLO;335,811;340,582;344,374;347,730;350,915;353,982;356,985;359,982;362,958
130102;EL PORVENIR 18/ 20/;211,809;220,624;229,115;235,832;242,202;129,189;131,727;134,258;136,781
130103;FLORENCIA DE MORA 18/;38,506;38,475;38,334;38,107;37,879;62,844;64,079;65,310;66,537
130104;HUANCHACO 19/;78,375;82,792;87,192;90,609;93,851;96,971;100,027;103,075;106,117
130105;LA ESPERANZA 18/;210,654;217,756;224,427;229,779;234,854;239,896;244,607;249,310;253,998
130106;LAREDO 20/;41,158;42,144;43,024;43,750;44,440;54,577;55,649;56,718;57,784
130107;MOCHE;40,336;41,610;42,798;43,755;44,663;45,537;46,392;47,246;48,097
130108;POROTO;3,866;3,900;3,924;3,947;3,969;3,990;4,010;4,032;4,054
130109;SALAVERRY;20,983;21,866;22,717;23,390;24,028;24,643;25,244;25,844;26,442
130110;SIMBAL;4,437;4,482;4,515;4,546;4,575;4,603;4,631;4,658;4,685
130111;VICTOR LARCO HERRERA;74,095;76,283;78,304;79,941;81,494;82,988;84,452;85,912;87,367
130112;ALTO TRUJILLO 18/;Distrito creado en 2022;Distrito creado en 2022;Distrito creado en 2022;Distrito creado en 2022;Distrito creado en 2022;84,323;85,980;87,632;89,279
130200;ASCOPE;121,850;122,831;123,480;124,308;124,944;125,454;125,898;126,338;126,770
130201;ASCOPE;6,858;6,865;6,855;6,866;6,868;6,863;6,856;6,848;6,840
130202;CHICAMA;15,849;15,979;16,065;16,135;16,180;16,208;16,227;16,245;16,262
130203;CHOCOPE;9,828;9,831;9,807;9,815;9,808;9,791;9,768;9,743;9,717
130204;MAGDALENA DE CAO;2,694;2,685;2,669;2,664;2,652;2,638;2,623;2,609;2,595
130205;PAIJAN;27,827;28,396;28,894;29,370;29,804;30,212;30,586;30,960;31,332
130206;RAZURI;9,204;9,322;9,415;9,500;9,572;9,632;9,688;9,745;9,801
130207;SANTIAGO DE CAO;19,871;19,950;19,973;20,061;20,118;20,154;20,180;20,204;20,227
130208;CASA GRANDE;29,719;29,803;29,802;29,897;29,942;29,956;29,970;29,984;29,996
130300;BOLIVAR;16,025;16,026;15,982;15,957;15,913;15,859;15,797;15,738;15,676
130301;BOLIVAR;4,969;5,006;5,031;5,062;5,083;5,100;5,116;5,133;5,145
130302;BAMBAMARCA;3,205;3,187;3,159;3,136;3,109;3,080;3,048;3,016;2,986
130303;CONDORMARCA;2,148;2,148;2,143;2,140;2,135;2,128;2,119;2,110;2,101
130304;LONGOTEA;2,336;2,347;2,350;2,353;2,357;2,362;2,366;2,372;2,378
130305;UCHUMARCA;2,460;2,432;2,396;2,364;2,330;2,294;2,257;2,220;2,184
130306;UCUNCHA;907;906;903;902;899;895;891;887;882
130400;CHEPEN;84,346;85,490;86,411;87,365;88,152;88,827;89,443;90,055;90,659
130401;CHEPEN;48,238;48,644;48,917;49,231;49,489;49,711;49,914;50,115;50,314
130402;PACANGA;23,447;24,114;24,727;25,318;25,806;26,225;26,606;26,986;27,360
130403;PUEBLO NUEVO;12,661;12,732;12,767;12,816;12,857;12,891;12,923;12,954;12,985
130500;JULCAN;31,179;31,125;30,987;30,951;30,888;30,809;30,723;30,636;30,549
130501;JULCAN;12,758;12,776;12,762;12,788;12,804;12,808;12,817;12,821;12,825
130502;CALAMARCA;5,251;5,167;5,070;4,990;4,906;4,819;4,720;4,625;4,530
130503;CARABAMBA;6,923;6,930;6,916;6,926;6,929;6,931;6,933;6,935;6,937
130504;HUASO;6,247;6,252;6,239;6,247;6,249;6,251;6,253;6,255;6,257
130600;OTUZCO;85,365;85,345;85,091;85,076;84,971;84,807;84,613;84,419;84,223
130601;OTUZCO;26,502;26,702;26,830;27,030;27,201;27,351;27,491;27,630;27,767
130602;AGALLPAMPA;10,276;10,354;10,403;10,482;10,550;10,610;10,666;10,721;10,776
130604;CHARAT;2,643;2,612;2,574;2,545;2,512;2,479;2,444;2,409;2,375
130605;HUARANCHAL;4,248;4,190;4,122;4,065;4,005;3,943;3,880;3,820;3,759
130606;LA CUESTA;667;666;662;661;658;655;653;651;646
130608;MACHE;2,910;2,894;2,869;2,853;2,835;2,814;2,791;2,770;2,748
130610;PARANDAY;558;551;542;536;530;523;517;509;503
130611;SALPO;6,506;6,534;6,543;6,571;6,591;6,606;6,618;6,631;6,643
130613;SINSICAP;7,631;7,597;7,543;7,509;7,467;7,422;7,372;7,322;7,273
130614;USQUIL;23,424;23,245;23,003;22,824;22,622;22,404;22,181;21,956;21,733
130700;PACASMAYO;109,376;111,310;112,970;114,581;115,939;117,129;118,230;119,322;120,403
130701;SAN PEDRO DE LLOC;18,747;19,081;19,368;19,647;19,882;20,089;20,280;20,469;20,658
130702;GUADALUPE;42,788;43,508;44,119;44,710;45,202;45,626;46,016;46,402;46,782
130703;JEQUETEPEQUE;4,384;4,498;4,604;4,708;4,803;4,892;4,978;5,064;5,150
130704;PACASMAYO;31,002;31,619;32,161;32,691;33,150;33,563;33,952;34,340;34,726
130705;SAN JOSE;12,455;12,604;12,718;12,825;12,902;12,959;13,004;13,047;13,087
130800;PATAZ;83,672;84,496;85,092;85,782;86,331;86,784;87,189;87,589;87,984
130801;TAYABAMBA;13,839;13,871;13,862;13,855;13,848;13,841;13,833;13,825;13,818
130802;BULDIBUYO;4,160;4,201;4,229;4,264;4,292;4,315;4,336;4,356;4,377
130803;CHILLIA;12,872;12,978;13,046;13,135;13,206;13,264;13,318;13,370;13,421
130804;HUANCASPATA;6,170;6,166;6,142;6,130;6,122;6,114;6,108;6,101;6,095
130805;HUAYLILLAS;1,212;1,164;1,116;1,070;1,034;1,004;975;950;922
130806;HUAYO;3,817;3,795;3,762;3,736;3,716;3,699;3,685;3,670;3,656
130807;ONGON;1,407;1,385;1,360;1,337;1,320;1,305;1,292;1,279;1,266
130808;PARCOY;20,312;20,753;21,147;21,560;21,889;22,160;22,405;22,645;22,884
130809;PATAZ;10,158;10,482;10,782;11,088;11,333;11,536;11,716;11,895;12,072
130810;PIAS;1,835;1,872;1,902;1,936;1,961;1,984;2,003;2,023;2,041
130811;SANTIAGO DE CHALLAS;2,362;2,330;2,290;2,256;2,228;2,206;2,186;2,166;2,146
130812;TAURIJA;3,025;3,033;3,032;3,031;3,030;3,029;3,027;3,026;3,025
130813;URPAY;2,503;2,466;2,422;2,384;2,352;2,327;2,305;2,283;2,261
130900;SANCHEZ CARRION;162,427;165,747;168,670;171,430;173,784;175,861;177,794;179,714;181,614
130901;HUAMACHUCO;74,786;77,443;79,944;82,085;84,084;85,980;87,823;89,656;91,478
130902;CHUGAY;18,956;19,177;19,344;19,553;19,702;19,809;19,896;19,982;20,064
130903;COCHORCO;9,815;9,948;10,054;10,179;10,271;10,339;10,395;10,452;10,506
130904;CURGOS;8,678;8,748;8,795;8,865;8,909;8,939;8,960;8,981;9,002
130905;MARCABAL;11,845;11,627;11,381;11,164;10,927;10,677;10,421;10,166;9,912
130906;SANAGORAN;14,533;14,728;14,881;15,064;15,197;15,296;15,379;15,459;15,538
130907;SARIN;9,762;9,847;9,904;9,986;10,040;10,077;10,104;10,130;10,156
130908;SARTIMBAMBA;14,052;14,229;14,367;14,534;14,654;14,744;14,816;14,888;14,958
131000;SANTIAGO DE CHUCO;56,043;56,032;55,868;55,826;55,725;55,584;55,425;55,266;55,104
131001;SANTIAGO DE CHUCO;20,223;20,325;20,368;20,456;20,520;20,570;20,610;20,652;20,689
131002;ANGASMARCA;5,127;5,067;4,995;4,934;4,870;4,803;4,736;4,669;4,605
131003;CACHICADAN;5,899;5,851;5,789;5,739;5,685;5,625;5,566;5,507;5,447
131004;MOLLEBAMBA;1,857;1,854;1,846;1,842;1,835;1,829;1,821;1,813;1,805
131005;MOLLEPATA;2,480;2,464;2,441;2,424;2,405;2,384;2,363;2,341;2,320
131006;QUIRUVILCA;13,713;13,727;13,703;13,708;13,698;13,678;13,653;13,627;13,601
131007;SANTA CRUZ DE CHUCA;3,067;3,062;3,049;3,043;3,033;3,021;3,007;2,994;2,980
131008;SITABAMBA;3,677;3,682;3,677;3,680;3,679;3,674;3,669;3,663;3,657
131100;GRAN CHIMU;28,507;28,438;28,290;28,240;28,168;28,081;27,989;27,895;27,802
131101;CASCAS;14,279;14,331;14,344;14,358;14,381;14,407;14,434;14,462;14,490
131102;LUCMA;4,984;4,932;4,866;4,839;4,800;4,752;4,702;4,651;4,601
131103;MARMOT ;2,537;2,555;2,566;2,573;2,582;2,594;2,607;2,619;2,631
131104;SAYAPULLO;6,707;6,620;6,514;6,470;6,405;6,328;6,246;6,163;6,080
131200;VIRU;99,681;102,547;105,206;107,590;109,660;111,516;113,261;114,994;116,710
131201;VIRU;56,433;57,500;58,418;59,275;60,018;60,685;61,312;61,934;62,551
131202;CHAO;35,857;37,511;39,125;40,535;41,760;42,857;43,889;44,915;45,930
131203;GUADALUPITO;7,391;7,536;7,663;7,780;7,882;7,974;8,060;8,145;8,229
140000;LAMBAYEQUE;1,270,295;1,292,105;1,310,785;1,325,912;1,338,994;1,350,663;1,361,554;1,372,301;1,382,858
140100;CHICLAYO;840,740;852,801;862,709;870,437;876,841;882,306;887,216;891,950;896,467
140101;CHICLAYO;282,680;285,907;288,360;291,138;293,332;295,113;296,645;298,094;299,442
140102;CHONGOYAPE;19,201;19,441;19,629;19,821;19,966;20,077;20,168;20,252;20,327
140103;ETEN;12,643;12,896;13,118;13,345;13,542;13,719;13,887;14,054;14,218
140104;ETEN PUERTO;2,396;2,422;2,439;2,459;2,471;2,478;2,484;2,489;2,493
140105;JOSE LEONARDO ORTIZ;164,130;164,974;165,355;166,266;167,037;167,710;168,322;168,913;169,479
140106;LA VICTORIA;95,035;97,223;99,183;100,033;100,801;101,510;102,183;102,844;103,490
140107;LAGUNAS;10,536;10,696;10,829;10,964;11,074;11,165;11,246;11,323;11,396
140108;MONSEFU;34,301;34,856;35,323;35,797;36,188;36,520;36,817;37,104;37,379
140109;NUEVA ARICA;2,509;2,526;2,538;2,552;2,561;2,567;2,571;2,576;2,581
140110;OYOTUN;8,558;8,470;8,359;8,311;8,268;8,228;8,191;8,154;8,117
140111;PICSI;13,517;14,127;14,726;14,893;15,048;15,194;15,335;15,474;15,611
140112;PIMENTEL;48,444;50,505;52,505;52,997;53,446;53,863;54,262;54,654;55,038
140113;REQUE;16,780;17,304;17,794;18,063;18,318;18,563;18,802;19,038;19,272
140114;SANTA ROSA;13,296;13,592;13,856;14,126;14,366;14,585;14,795;15,006;15,217
140115;SAÑA;12,368;12,450;12,497;12,581;12,654;12,720;12,781;12,841;12,899
140116;CAYALTI;15,484;15,446;15,365;15,279;15,153;15,001;14,832;14,659;14,481
140117;PATAPO;24,212;24,648;25,022;25,401;25,723;26,003;26,259;26,510;26,753
140118;POMALCA;26,243;26,664;27,016;27,375;27,672;27,924;28,148;28,364;28,570
140119;PUCALA;9,023;9,035;9,022;9,046;9,062;9,073;9,081;9,087;9,092
140120;TUMAN;29,384;29,619;29,773;29,990;30,159;30,293;30,407;30,514;30,612
140200;FERREÑAFE;104,839;106,175;107,241;107,944;108,438;108,778;109,021;109,219;109,361
140201;FERREÑAFE;36,691;37,249;37,715;38,144;38,489;38,769;39,013;39,234;39,435
140202;CAÑARIS;12,316;12,300;12,251;12,187;12,096;11,985;11,861;11,735;11,602
140203;INCAHUASI;14,897;15,025;15,112;15,203;15,266;15,308;15,335;15,355;15,365
140204;MANUEL ANTONIO MESONES MURO;4,142;4,167;4,179;4,198;4,210;4,220;4,224;4,229;4,234
140205;PITIPO;21,560;21,797;21,977;22,136;22,242;22,311;22,357;22,394;22,417
140206;PUEBLO NUEVO;15,233;15,637;16,007;16,076;16,135;16,185;16,231;16,272;16,308
140300;LAMBAYEQUE;324,716;333,129;340,835;347,531;353,715;359,579;365,317;371,132;377,030
140301;LAMBAYEQUE;76,651;78,343;79,845;81,867;83,717;85,467;87,181;88,933;90,725
140302;CHOCHOPE;1,505;1,539;1,571;1,613;1,650;1,686;1,720;1,757;1,792
140303;ILLIMO;9,374;9,436;9,472;9,560;9,623;9,666;9,698;9,728;9,757
140304;JAYANCA;19,068;19,575;20,042;20,310;20,559;20,795;21,026;21,260;21,497
140305;MOCHUMI;19,388;19,596;19,750;20,146;20,524;20,892;21,256;21,625;21,999
140306;MORROPE;52,797;54,514;56,131;57,002;57,818;58,601;59,372;60,153;60,944
140307;MOTUPE;32,001;33,008;33,952;34,752;35,523;36,277;37,028;37,788;38,558
140308;OLMOS;51,892;53,834;55,691;56,552;57,359;58,133;58,895;59,666;60,447
140309;PACORA;8,434;8,641;8,829;9,070;9,292;9,500;9,706;9,915;10,130
140310;SALAS;13,428;13,522;13,577;13,708;13,801;13,866;13,916;13,963;14,006
140311;SAN JOSE;16,631;17,206;17,754;18,284;18,801;19,310;19,819;20,334;20,856
140312;TUCUME;23,547;23,915;24,221;24,667;25,048;25,386;25,700;26,010;26,319
150000;LIMA ;10,180,641;10,416,139;10,628,470;10,814,450;10,986,006;11,147,924;11,304,993;11,461,995;11,618,679
150100;LIMA METROPOLITANA;9,256,429;9,476,975;9,674,755;9,846,795;10,004,141;10,151,207;10,292,408;10,432,133;10,570,094
150101;LIMA;271,324;269,769;267,379;267,199;266,887;266,467;265,991;265,503;265,003
150102;ANCON  ;70,294;76,357;82,677;87,091;91,478;95,841;100,194;104,552;108,912
150103;ATE;633,470;652,900;670,818;687,615;702,815;716,859;730,256;743,517;756,613
150104;BARRANCO;35,467;35,745;35,915;36,200;36,467;36,721;36,968;37,214;37,459
150105;BREÑA;90,920;92,153;93,111;94,209;95,187;96,076;96,916;97,746;98,563
150106;CARABAYLLO;361,168;380,890;400,414;412,234;423,894;435,419;446,878;458,341;469,806
150107;CHACLACAYO;43,503;43,897;44,157;44,634;45,091;45,532;45,963;46,394;46,824
150108;CHORRILLOS;342,762;349,855;355,978;361,907;367,099;371,746;376,076;380,313;384,444
150109;CIENEGUILLA;36,509;37,815;39,055;39,633;40,193;40,739;41,278;41,816;42,353
150110;COMAS;557,093;566,314;573,884;581,036;586,914;591,841;596,186;600,307;604,186
150111;EL AGUSTINO;213,968;218,277;221,974;225,749;229,426;233,022;236,577;240,130;243,679
150112;INDEPENDENCIA;219,569;221,551;222,850;225,536;228,121;230,622;233,081;235,535;237,983
150113;JESUS MARIA;78,791;80,377;81,743;82,842;83,904;84,936;85,952;86,967;87,980
150114;LA MOLINA;154,950;157,820;160,244;162,761;165,020;167,091;169,055;170,998;172,914
150115;LA VICTORIA;188,588;188,900;188,619;189,152;189,594;189,961;190,290;190,612;190,925
150116;LINCE;58,668;59,213;59,578;60,647;61,689;62,711;63,721;64,730;65,739
150117;LOS OLIVOS;345,159;349,100;351,983;355,528;358,910;362,159;365,339;368,511;371,673
150118;LURIGANCHO;260,050;271,822;283,231;293,377;302,599;311,154;319,335;327,438;335,442
150119;LURIN;99,924;104,770;109,506;111,789;114,024;116,221;118,398;120,575;122,750
150120;MAGDALENA DEL MAR;62,406;63,856;65,139;66,464;67,761;69,034;70,296;71,558;72,819
150121;PUEBLO LIBRE;90,244;92,250;94,010;95,809;97,568;99,292;101,000;102,707;104,412
150122;MIRAFLORES;104,334;106,735;108,855;111,202;113,503;115,766;118,009;120,252;122,493
150123;PACHACAMAC;126,129;134,104;142,133;147,228;152,268;157,263;162,235;167,211;172,188
150124;PUCUSANA;15,421;16,032;16,615;17,142;17,620;18,063;18,487;18,906;19,321
150125;PUENTE PIEDRA  ;362,799;379,550;395,819;404,081;412,174;420,126;428,008;435,888;443,763
150126;PUNTA HERMOSA;17,876;19,966;22,230;22,855;23,470;24,079;24,683;25,288;25,892
150127;PUNTA NEGRA;7,652;7,955;8,243;8,531;8,808;9,079;9,349;9,625;9,907
150128;RIMAC;178,962;179,892;180,260;181,613;182,882;184,082;185,245;186,404;187,556
150129;SAN BARTOLO;8,147;8,442;8,722;9,003;9,273;9,537;9,801;10,071;10,348
150130;SAN BORJA;122,913;125,183;127,102;129,095;130,882;132,521;134,075;135,613;137,130
150131;SAN ISIDRO;65,861;66,878;67,703;68,604;69,409;70,144;70,840;71,527;72,204
150132;SAN JUAN DE LURIGANCHO;1,123,889;1,152,258;1,177,629;1,203,125;1,225,092;1,245,145;1,264,060;1,282,635;1,300,785
150133;SAN JUAN DE MIRAFLORES;402,989;408,538;412,865;417,800;422,197;426,196;429,975;433,709;437,390
150134;SAN LUIS;55,410;55,688;55,793;56,068;56,302;56,505;56,691;56,875;57,055
150135;SAN MARTIN DE PORRES;712,545;729,268;744,050;758,216;770,725;781,994;792,514;802,774;812,733
150136;SAN MIGUEL;164,836;169,282;173,309;177,164;180,647;183,858;186,918;189,947;192,938
150137;SANTA ANITA;214,625;218,514;221,776;224,893;227,530;229,810;231,875;233,865;235,773
150138;SANTA MARIA DEL MAR;1,067;1,106;1,142;1,180;1,216;1,248;1,284;1,314;1,349
150139;SANTA ROSA;31,021;34,361;37,940;40,030;42,107;44,174;46,236;48,300;50,366
150140;SANTIAGO DE SURCO;385,178;397,082;408,086;414,142;420,016;425,740;431,387;437,028;442,660
150141;SURQUILLO;98,159;99,397;100,339;101,448;102,434;103,327;104,171;105,004;105,824
150142;VILLA EL SALVADOR;415,391;420,278;423,887;428,276;432,170;435,693;439,013;442,292;445,521
150143;VILLA MARIA DEL TRIUNFO;426,398;432,835;437,992;443,687;448,775;453,413;457,802;462,141;466,419
150200;BARRANCA;146,745;148,962;151,095;153,054;155,025;157,077;159,279;161,702;164,346
150201;BARRANCA;69,686;70,971;72,221;73,423;74,630;75,873;77,186;78,605;80,131
150202;PARAMONGA;22,056;22,007;21,938;21,783;21,633;21,499;21,389;21,310;21,261
150203;PATIVILCA;17,638;17,797;17,941;18,055;18,171;18,298;18,443;18,614;18,811
150204;SUPE;24,382;24,930;25,470;26,090;26,709;27,339;27,993;28,685;29,416
150205;SUPE PUERTO;12,983;13,257;13,525;13,703;13,882;14,068;14,268;14,488;14,727
150300;CAJATAMBO;6,552;6,444;6,332;6,239;6,152;6,071;5,987;5,907;5,823
150301;CAJATAMBO;2,050;2,004;1,956;1,927;1,899;1,871;1,844;1,816;1,789
150302;COPA;860;854;847;837;827;820;810;801;791
150303;GORGOR;1,687;1,650;1,612;1,585;1,559;1,534;1,508;1,484;1,458
150304;HUANCAPON;975;960;945;927;911;897;884;872;859
150305;MANAS;980;976;972;963;956;949;941;934;926
150400;CANTA;11,762;11,682;11,593;11,520;11,449;11,381;11,314;11,244;11,174
150401;CANTA;2,333;2,291;2,247;2,234;2,222;2,210;2,198;2,186;2,174
150402;ARAHUAY;601;596;591;583;574;566;558;549;541
150403;HUAMANTANGA;688;661;637;629;621;612;604;596;587
150404;HUAROS;778;770;761;755;749;743;737;731;725
150405;LACHAQUI;890;886;880;871;862;853;844;835;826
150406;SAN BUENAVENTURA;576;585;595;600;604;609;614;619;624
150407;SANTA ROSA DE QUIVES;5,896;5,893;5,882;5,848;5,817;5,788;5,759;5,728;5,697
150500;CAÑETE;239,410;244,950;250,420;255,669;261,008;266,558;272,443;278,792;285,623
150501;SAN VICENTE DE CAÑETE;56,582;57,964;59,323;60,905;62,496;64,125;65,823;67,627;69,540
150502;ASIA;9,822;10,249;10,686;10,916;11,148;11,387;11,638;11,909;12,198
150503;CALANGO;2,359;2,385;2,409;2,420;2,431;2,442;2,457;2,473;2,493
150504;CERRO AZUL;8,264;8,453;8,637;9,031;9,424;9,822;10,230;10,654;11,095
150505;CHILCA;21,659;22,605;23,568;24,436;25,335;26,276;27,272;28,336;29,473
150506;COAYLLO;1,028;1,034;1,039;1,060;1,082;1,104;1,128;1,151;1,179
150507;IMPERIAL;37,887;38,239;38,559;38,921;39,293;39,694;40,142;40,656;41,235
150508;LUNAHUANA;4,121;4,103;4,082;4,044;4,008;3,975;3,946;3,921;3,901
150509;MALA;32,417;33,062;33,688;34,259;34,836;35,438;36,079;36,780;37,539
150510;NUEVO IMPERIAL;26,279;27,242;28,216;29,063;29,934;30,845;31,807;32,838;33,939
150511;PACARAN;1,669;1,677;1,684;1,698;1,713;1,728;1,746;1,767;1,790
150512;QUILMANA;15,654;15,944;16,225;16,418;16,614;16,821;17,041;17,285;17,554
150513;SAN ANTONIO;4,408;4,513;4,616;4,696;4,777;4,861;4,952;5,049;5,154
150514;SAN LUIS;12,852;13,012;13,163;13,242;13,322;13,406;13,503;13,616;13,743
150515;SANTA CRUZ DE FLORES;3,049;3,118;3,186;3,237;3,290;3,344;3,403;3,465;3,534
150516;ZUÑIGA;1,360;1,350;1,339;1,323;1,305;1,290;1,276;1,265;1,256
150600;HUARAL;187,446;190,954;194,375;197,592;200,847;204,230;207,832;211,749;215,988
150601;HUARAL;101,299;103,183;105,011;106,821;108,647;110,530;112,517;114,661;116,965
150602;ATAVILLOS ALTO;692;675;657;649;641;634;627;622;617
150603;ATAVILLOS BAJO;895;865;835;818;802;785;770;756;742
150604;AUCALLAMA;20,073;20,599;21,121;21,647;22,181;22,736;23,320;23,943;24,609
150605;CHANCAY;58,385;59,594;60,774;61,716;62,668;63,660;64,722;65,886;67,153
150606;IHUARI;2,089;2,052;2,015;1,978;1,941;1,909;1,880;1,858;1,841
150607;LAMPIAN;336;324;313;304;295;288;283;277;275
150608;PACARAOS;1,091;1,137;1,184;1,232;1,283;1,335;1,391;1,451;1,515
150609;SAN MIGUEL DE ACOS;647;642;636;631;624;619;613;610;607
150610;SANTA CRUZ DE ANDAMARCA;807;788;769;752;736;720;708;696;686
150611;SUMBILCA;726;698;671;664;658;651;646;641;637
150612;VEINTISIETE DE NOVIEMBRE;406;397;389;380;371;363;355;348;341
150700;HUAROCHIRI;63,318;62,871;62,381;61,974;61,586;61,210;60,836;60,455;60,067
150701;MATUCANA;4,095;4,057;4,014;3,981;3,949;3,918;3,887;3,856;3,824
150702;ANTIOQUIA;1,256;1,246;1,232;1,209;1,187;1,165;1,144;1,123;1,101
150703;CALLAHUANCA;777;718;666;649;632;615;599;583;567
150704;CARAMPOMA;334;322;312;308;303;299;295;291;286
150705;CHICLA;3,667;3,439;3,222;3,095;2,971;2,849;2,728;2,609;2,490
150706;CUENCA;453;460;466;468;470;472;474;476;478
150707;HUACHUPAMPA;582;543;509;501;493;486;478;470;463
150708;HUANZA;836;784;736;723;711;698;686;674;662
150709;HUAROCHIRI;1,307;1,282;1,256;1,224;1,194;1,164;1,136;1,107;1,078
150710;LAHUAYTAMBO;628;610;593;573;556;540;526;513;501
150711;LANGA;879;863;847;826;806;787;770;752;736
150712;SAN PEDRO DE LARAOS;639;605;573;558;542;528;513;498;484
150713;MARIATANA;1,416;1,415;1,411;1,399;1,387;1,375;1,364;1,352;1,341
150714;RICARDO PALMA;6,504;6,573;6,631;6,664;6,699;6,733;6,763;6,792;6,811
150715;SAN ANDRES DE TUPICOCHA;1,339;1,331;1,321;1,291;1,261;1,232;1,203;1,174;1,146
150716;SAN ANTONIO;5,736;5,845;5,948;5,992;6,032;6,070;6,106;6,141;6,175
150717;SAN BARTOLOME;1,171;1,125;1,080;1,060;1,041;1,023;1,004;986;968
150718;SAN DAMIAN;1,185;1,159;1,132;1,110;1,089;1,068;1,047;1,026;1,006
150719;SAN JUAN DE IRIS;683;659;635;629;623;617;612;606;600
150720;SAN JUAN DE TANTARANCHE;366;357;346;339;333;326;320;314;307
150721;SAN LORENZO DE QUINTI;1,202;1,165;1,128;1,111;1,095;1,079;1,063;1,047;1,030
150722;SAN MATEO;4,115;4,018;3,918;3,870;3,823;3,778;3,732;3,687;3,641
150723;SAN MATEO DE OTAO;1,413;1,379;1,343;1,313;1,285;1,256;1,228;1,200;1,173
150724;SAN PEDRO DE CASTA;937;916;893;872;851;831;811;792;772
150725;SAN PEDRO DE HUANCAYRE;209;204;200;194;189;187;180;176;170
150726;SANGALLAYA;643;640;636;628;620;613;606;598;592
150727;SANTA CRUZ DE COCACHACRA;2,589;2,617;2,642;2,644;2,645;2,647;2,649;2,651;2,653
150728;SANTA EULALIA;12,916;13,124;13,305;13,397;13,490;13,581;13,672;13,755;13,839
150729;SANTIAGO DE ANCHUCAYA;313;299;287;278;269;260;251;243;234
150730;SANTIAGO DE TUNA;415;399;384;368;353;340;329;317;308
150731;SANTO DOMINGO DE LOS OLLEROS;3,272;3,306;3,336;3,350;3,365;3,379;3,393;3,406;3,418
150732;SURCO;1,441;1,411;1,379;1,350;1,322;1,294;1,267;1,240;1,213
150800;HUAURA;230,957;235,880;240,717;245,323;249,997;254,853;260,009;265,586;271,597
150801;HUACHO;65,794;67,213;68,599;70,366;72,159;74,014;75,963;78,039;80,253
150802;AMBAR;2,151;2,107;2,062;2,027;1,991;1,958;1,928;1,902;1,880
150803;CALETA DE CARQUIN;7,977;8,233;8,491;8,802;9,126;9,463;9,821;10,206;10,616
150804;CHECRAS;924;888;852;842;832;822;813;805;798
150805;HUALMAY;27,913;28,163;28,388;28,759;29,126;29,505;29,905;30,341;30,812
150806;HUAURA;35,129;35,707;36,259;37,005;37,758;38,532;39,349;40,220;41,153
150807;LEONCIO PRADO;1,930;1,933;1,932;1,944;1,957;1,971;1,987;2,007;2,029
150808;PACCHO;1,566;1,534;1,502;1,478;1,454;1,433;1,415;1,401;1,391
150809;SANTA LEONOR;767;766;768;776;786;799;813;829;847
150810;SANTA MARIA;36,920;38,124;39,330;39,829;40,340;40,879;41,469;42,130;42,861
150811;SAYAN;23,793;24,094;24,378;24,788;25,199;25,622;26,067;26,547;27,062
150812;VEGUETA;26,093;27,118;28,156;28,707;29,269;29,855;30,479;31,159;31,895
150900;OYON;17,478;17,313;17,137;16,990;16,852;16,718;16,587;16,452;16,317
150901;OYON;11,957;11,933;11,903;11,882;11,863;11,844;11,824;11,799;11,774
150902;ANDAJES;545;517;491;470;447;428;413;399;386
150903;CAUJUL;568;547;524;505;486;469;451;434;415
150904;COCHAMARCA;1,080;1,054;1,027;1,003;982;960;938;916;895
150905;NAVAN;852;840;825;812;801;790;778;767;755
150906;PACHANGARA;2,476;2,422;2,367;2,318;2,273;2,227;2,183;2,137;2,092
151000;YAUYOS;20,544;20,108;19,665;19,294;18,949;18,619;18,298;17,975;17,650
151001;YAUYOS;1,432;1,353;1,276;1,238;1,200;1,165;1,127;1,090;1,054
151002;ALIS;1,481;1,479;1,477;1,475;1,474;1,472;1,470;1,468;1,466
151003;ALLAUCA;1,153;1,111;1,070;1,034;999;966;934;903;872
151004;AYAVIRI;548;533;518;505;491;479;466;454;441
151005;AZANGARO;435;423;411;400;389;380;371;359;350
151006;CACRA;524;523;522;522;522;520;518;516;514
151007;CARANIA;167;160;153;148;142;138;133;128;124
151008;CATAHUASI;1,073;1,074;1,072;1,067;1,063;1,060;1,057;1,055;1,052
151009;CHOCOS;809;790;770;753;736;718;702;686;669
151010;COCHAS;224;219;213;209;205;201;196;191;187
151011;COLONIA;1,135;1,112;1,088;1,067;1,049;1,031;1,008;990;969
151012;HONGOS;334;327;319;312;307;299;293;288;280
151013;HUAMPARA;151;145;137;131;127;120;114;109;104
151014;HUANCAYA;574;547;521;497;474;452;431;411;392
151015;HUANGASCAR;649;650;648;644;642;639;637;635;632
151016;HUANTAN;932;938;943;943;945;947;955;959;963
151017;HUAÑEC;444;442;441;441;441;440;439;438;437
151018;LARAOS;570;546;522;501;481;462;444;426;410
151019;LINCHA;457;436;416;396;379;362;346;330;314
151020;MADEAN;572;553;536;520;504;489;476;460;445
151021;MIRAFLORES;238;225;212;202;191;182;171;162;153
151022;OMAS;621;620;617;616;615;614;612;611;609
151023;PUTINZA;505;512;517;521;526;531;541;546;547
151024;QUINCHES;620;591;562;536;510;488;464;443;423
151025;QUINOCAY;439;427;415;402;392;381;372;360;350
151026;SAN JOAQUIN;170;163;156;151;146;140;136;131;127
151027;SAN PEDRO DE PILAS;286;277;268;259;251;243;236;228;221
151028;TANTA;501;502;503;504;505;507;509;511;513
151029;TAURIPAMPA;501;496;490;486;481;477;473;468;462
151030;TOMAS;542;512;484;460;436;414;395;375;357
151031;TUPE;512;501;490;481;472;463;453;445;435
151032;VIÑAC;1,643;1,634;1,624;1,613;1,606;1,602;1,593;1,584;1,573
151033;VITIS;302;287;274;260;248;237;226;215;205
160000;LORETO;1,000,350;1,015,212;1,027,559;1,037,055;1,044,884;1,051,560;1,057,592;1,063,495;1,069,225
160100;MAYNAS;537,282;544,615;550,551;555,472;559,603;563,184;566,461;569,676;572,808
160101;IQUITOS  ;162,450;163,209;163,502;163,849;164,196;164,543;164,894;165,248;165,605
160102;ALTO NANAY  ;3,155;3,219;3,277;3,328;3,372;3,411;3,450;3,486;3,521
160103;FERNANDO LORES;14,935;14,627;14,284;13,931;13,577;13,222;12,865;12,507;12,148
160104;INDIANA;11,768;11,760;11,717;11,670;11,604;11,524;11,436;11,343;11,246
160105;LAS AMAZONAS;8,790;8,680;8,546;8,403;8,249;8,085;7,917;7,752;7,588
160106;MAZAN;13,898;14,014;14,091;14,128;14,164;14,201;14,238;14,275;14,313
160107;NAPO;17,106;17,379;17,605;17,813;17,988;18,141;18,280;18,416;18,545
160108;PUNCHANA;86,608;87,876;88,908;89,838;90,609;91,263;91,846;92,404;92,932
160110;TORRES CAUSANA ;5,015;5,045;5,061;5,065;5,068;5,072;5,074;5,078;5,081
160112;BELEN;70,503;70,855;71,005;71,084;71,162;71,241;71,321;71,401;71,483
160113;SAN JUAN BAUTISTA;143,054;147,951;152,555;156,363;159,614;162,481;165,140;167,766;170,346
160200;ALTO AMAZONAS;141,129;145,646;149,892;152,671;155,236;157,649;159,973;162,276;164,552
160201;YURIMAGUAS;96,151;100,176;104,052;106,557;108,870;111,046;113,141;115,218;117,270
160202;BALSAPUERTO;16,426;16,738;17,006;17,190;17,360;17,519;17,673;17,826;17,976
160205;JEBEROS;4,570;4,620;4,658;4,686;4,712;4,736;4,759;4,782;4,805
160206;LAGUNAS;13,594;13,658;13,684;13,713;13,739;13,764;13,788;13,811;13,835
160210;SANTA CRUZ;4,235;4,260;4,273;4,285;4,296;4,307;4,317;4,327;4,337
160211;TENIENTE CESAR LOPEZ ROJAS;6,153;6,194;6,219;6,240;6,259;6,277;6,295;6,312;6,329
160300;LORETO;69,997;71,040;71,904;72,698;73,271;73,693;74,029;74,349;74,645
160301;NAUTA;32,622;33,114;33,520;33,911;34,208;34,442;34,639;34,827;35,004
160302;PARINARI  ;6,416;6,355;6,276;6,182;6,081;5,974;5,865;5,756;5,647
160303;TIGRE;7,509;7,549;7,568;7,597;7,622;7,644;7,665;7,686;7,706
160304;TROMPETEROS;10,126;10,466;10,789;11,071;11,281;11,442;11,575;11,703;11,823
160305;URARINAS   ;13,324;13,556;13,751;13,937;14,079;14,191;14,285;14,377;14,465
160400;MARISCAL RAMON CASTILLA;58,295;58,842;59,232;59,664;59,953;60,144;60,280;60,406;60,518
160401;RAMON CASTILLA;22,883;23,378;23,811;24,266;24,655;25,001;25,319;25,631;25,938
160402;PEBAS;12,808;12,771;12,700;12,637;12,538;12,413;12,277;12,138;11,996
160403;YAVARI 22/;10,040;10,054;10,041;10,033;9,998;9,942;9,876;6,606;6,558
160404;SAN PABLO;12,564;12,639;12,680;12,728;12,762;12,788;12,808;12,829;12,847
160405;SANTA ROSA DE LORETO 22/;Distrito creado en 2025;Distrito creado en 2025;Distrito creado en 2025;Distrito creado en 2025;Distrito creado en 2025;Distrito creado en 2025;Distrito creado en 2025;3,202;3,179
160500;REQUENA;64,419;64,527;64,459;64,326;64,100;63,812;63,490;63,162;62,828
160501;REQUENA;27,624;27,856;28,008;28,131;28,209;28,254;28,280;28,300;28,313
160502;ALTO TAPICHE;1,673;1,654;1,631;1,605;1,579;1,551;1,522;1,493;1,465
160503;CAPELO;2,607;2,514;2,417;2,322;2,224;2,131;2,039;1,950;1,865
160504;EMILIO SAN MARTIN;6,851;6,865;6,859;6,844;6,821;6,788;6,753;6,714;6,676
160505;MAQUIA;8,523;8,608;8,669;8,720;8,758;8,784;8,807;8,825;8,844
160506;PUINAHUA;4,709;4,670;4,617;4,561;4,498;4,430;4,362;4,293;4,224
160507;SAQUENA;3,426;3,344;3,256;3,167;3,074;2,982;2,890;2,800;2,713
160508;SOPLIN   ;680;688;695;702;706;711;714;719;722
160509;TAPICHE;964;959;952;944;934;924;912;903;891
160510;JENARO HERRERA;5,084;5,095;5,092;5,082;5,065;5,044;5,018;4,992;4,964
160511;YAQUERANA   ;2,278;2,274;2,263;2,248;2,232;2,213;2,193;2,173;2,151
160600;UCAYALI;62,145;62,395;62,477;62,694;62,821;62,887;62,920;62,946;62,964
160601;CONTAMANA;27,376;27,856;28,258;28,648;28,991;29,298;29,587;29,867;30,142
160602;INAHUAYA;1,793;1,768;1,739;1,718;1,698;1,673;1,649;1,624;1,597
160603;PADRE MARQUEZ;3,766;3,637;3,503;3,372;3,239;3,109;2,981;2,858;2,739
160604;PAMPA HERMOSA;6,353;6,286;6,200;6,144;6,078;6,007;5,933;5,860;5,786
160605;SARAYACU;15,226;15,251;15,234;15,288;15,320;15,340;15,351;15,360;15,368
160606;VARGAS GUERRA;7,631;7,597;7,543;7,524;7,495;7,460;7,419;7,377;7,332
160700;DATEM DEL MARAÑON ;57,886;58,949;59,870;60,389;60,822;61,196;61,536;61,870;62,195
160701;BARRANCA;15,214;15,600;15,950;16,155;16,355;16,551;16,745;16,939;17,132
160702;CAHUAPANAS;7,749;7,857;7,942;8,002;8,052;8,093;8,131;8,168;8,202
160703;MANSERICHE;9,378;9,428;9,451;9,482;9,506;9,526;9,543;9,561;9,577
160704;MORONA;4,811;4,690;4,557;4,457;4,355;4,252;4,147;4,042;3,938
160705;PASTAZA;6,164;6,176;6,170;6,151;6,129;6,106;6,082;6,058;6,033
160706;ANDOAS ;14,570;15,198;15,800;16,142;16,425;16,668;16,888;17,102;17,313
160800;PUTUMAYO   ;9,197;9,198;9,174;9,141;9,078;8,995;8,903;8,810;8,715
160801;PUTUMAYO    ;4,297;4,346;4,384;4,422;4,452;4,475;4,495;4,513;4,527
160802;ROSA PANDURO ;612;615;615;612;608;603;595;586;578
160803;TENIENTE MANUEL CLAVERO ;2,797;2,710;2,616;2,518;2,408;2,291;2,173;2,057;1,942
160804;YAGUAS ;1,491;1,527;1,559;1,589;1,610;1,626;1,640;1,654;1,668
170000;MADRE DE DIOS;161,324;167,674;173,811;179,688;185,478;191,259;197,096;203,069;209,165
170100;TAMBOPATA;128,119;134,228;140,214;145,923;151,561;157,201;162,903;168,745;174,711
170101;TAMBOPATA;92,732;96,463;100,011;103,413;106,751;110,067;113,397;116,785;120,218
170102;INAMBARI   ;13,742;14,442;15,132;15,810;16,494;17,189;17,903;18,646;19,416
170103;LAS PIEDRAS  ;15,412;16,939;18,553;20,064;21,575;23,105;24,671;26,294;27,972
170104;LABERINTO;6,233;6,384;6,518;6,636;6,741;6,840;6,932;7,020;7,105
170200;MANU;21,016;21,096;21,118;21,163;21,200;21,230;21,255;21,277;21,296
170201;MANU   ;2,425;2,403;2,373;2,334;2,302;2,278;2,258;2,242;2,228
170202;FITZCARRALD   ;1,504;1,528;1,547;1,557;1,570;1,584;1,598;1,613;1,628
170203;MADRE DE DIOS   ;7,012;6,790;6,553;6,453;6,363;6,283;6,210;6,141;6,076
170204;HUEPETUHE;10,075;10,375;10,645;10,819;10,965;11,085;11,189;11,281;11,364
170300;TAHUAMANU;12,189;12,350;12,479;12,602;12,717;12,828;12,938;13,047;13,158
170301;IÑAPARI;2,833;3,030;3,227;3,311;3,393;3,472;3,553;3,632;3,714
170302;IBERIA;5,995;5,900;5,784;5,741;5,696;5,650;5,602;5,554;5,504
170303;TAHUAMANU;3,361;3,420;3,468;3,550;3,628;3,706;3,783;3,861;3,940
180000;MOQUEGUA;186,371;189,781;192,740;195,185;197,337;199,286;201,129;202,946;204,742
180100;MARISCAL NIETO;91,355;93,569;95,551;96,788;97,917;98,975;99,998;101,018;102,038
180101;MOQUEGUA 17/;70,388;72,538;74,486;47,073;47,754;48,398;49,022;49,643;50,264
180102;CARUMAS;2,453;2,322;2,197;2,177;2,152;2,125;2,096;2,065;2,034
180103;CUCHUMBAYA;794;756;723;703;685;670;658;648;638
180104;SAMEGUA;9,229;9,528;9,804;9,960;10,104;10,240;10,372;10,503;10,634
180105;SAN CRISTOBAL;1,752;1,668;1,588;1,533;1,481;1,432;1,387;1,349;1,311
180106;TORATA;6,739;6,757;6,753;6,750;6,736;6,714;6,688;6,658;6,628
180107;SAN ANTONIO 17/;Distrito creado en 2021;Distrito creado en 2021;Distrito creado en 2021;28,592;29,005;29,396;29,775;30,152;30,529
180200;GENERAL SANCHEZ CERRO;15,828;15,175;14,503;14,036;13,614;13,220;12,844;12,472;12,103
180201;OMATE;3,272;3,198;3,117;3,056;3,002;2,954;2,908;2,861;2,816
180202;CHOJATA;716;644;576;548;520;493;466;438;411
180203;COALAQUE;1,024;996;965;945;926;908;891;873;854
180204;ICHUÑA;3,199;3,111;3,014;2,950;2,893;2,840;2,787;2,732;2,676
180205;LA CAPILLA;656;600;547;504;467;432;401;374;348
180206;LLOQUE;584;538;493;460;431;403;377;352;326
180207;MATALAQUE;471;436;402;378;355;336;315;295;275
180208;PUQUINA;2,615;2,568;2,512;2,472;2,436;2,402;2,371;2,339;2,308
180209;QUINISTAQUILLAS;547;513;480;453;430;407;386;365;345
180210;UBINAS;1,822;1,697;1,574;1,485;1,404;1,328;1,256;1,186;1,117
180211;YUNGA;922;874;823;785;750;717;686;657;627
180300;ILO;79,188;81,037;82,686;84,361;85,806;87,091;88,287;89,456;90,601
180301;ILO;70,065;70,640;70,753;71,354;71,753;72,017;72,506;72,975;73,420
180302;EL ALGARROBAL;4,414;5,690;7,257;8,355;9,437;10,505;11,262;12,014;12,766
180303;PACOCHA;4,709;4,707;4,676;4,652;4,616;4,569;4,519;4,467;4,415
190000;PASCO;271,704;272,157;271,904;270,842;269,296;267,425;265,392;263,354;261,297
190100;PASCO;128,446;126,971;125,164;123,349;121,446;119,495;117,530;115,583;113,654
190101;CHAUPIMARCA;27,258;27,139;26,924;26,714;26,481;26,234;25,831;25,420;25,018
190102;HUACHON;4,625;4,621;4,601;4,581;4,557;4,529;4,500;4,471;4,442
190103;HUARIACA;7,125;7,037;6,925;6,817;6,703;6,589;6,474;6,360;6,250
190104;HUAYLLAY;9,688;9,585;9,451;9,320;9,182;9,041;8,900;8,762;8,626
190105;NINACACA;4,111;4,132;4,137;4,140;4,144;4,148;4,152;4,157;4,162
190106;PALLANCHACRA;1,763;1,655;1,551;1,446;1,344;1,242;1,147;1,048;959
190107;PAUCARTAMBO;11,189;10,520;9,858;9,193;8,528;7,863;7,199;6,536;5,872
190108;SAN FRANCISCO DE ASIS DE YARUSYACAN;4,512;4,155;3,818;3,477;3,144;2,817;2,650;2,503;2,356
190109;SIMON BOLIVAR;12,940;12,846;12,708;12,573;12,428;12,279;12,126;11,977;11,829
190110;TICLACAYAN;3,301;3,069;2,847;2,624;2,404;2,190;1,980;1,778;1,581
190111;TINYAHUARCO;7,090;7,196;7,278;7,355;7,421;7,480;7,532;7,582;7,627
190112;VICCO;3,617;3,714;3,802;3,884;3,959;4,029;4,094;4,156;4,215
190113;YANACANCHA;31,227;31,302;31,264;31,225;31,151;31,054;30,945;30,833;30,717
190200;DANIEL ALCIDES CARRIÓN;46,193;46,248;46,179;45,859;45,421;44,905;44,354;43,807;43,259
190201;YANAHUANCA;11,908;11,718;11,495;11,210;10,898;10,572;10,243;9,922;9,598
190202;CHACAYAN;2,054;1,935;1,820;1,702;1,588;1,479;1,378;1,285;1,199
190203;GOYLLARISQUIZGA;1,572;1,509;1,445;1,375;1,305;1,238;1,172;1,109;1,050
190204;PAUCAR;1,845;1,815;1,779;1,734;1,685;1,634;1,583;1,532;1,483
190205;SAN PEDRO DE PILLAO;1,425;1,403;1,377;1,345;1,308;1,270;1,233;1,195;1,159
190206;SANTA ANA DE TUSI;22,929;23,495;23,986;24,326;24,580;24,764;24,901;25,017;25,114
190207;TAPUC;2,395;2,288;2,180;2,065;1,952;1,840;1,733;1,633;1,539
190208;VILCABAMBA;2,065;2,085;2,097;2,102;2,105;2,108;2,111;2,114;2,117
190300;OXAPAMPA;97,065;98,938;100,561;101,634;102,429;103,025;103,508;103,964;104,384
190301;OXAPAMPA;16,703;17,006;17,255;17,466;17,643;17,794;17,930;18,061;18,188
190302;CHONTABAMBA;5,803;6,110;6,412;6,615;6,773;6,899;7,007;7,111;7,208
190303;HUANCABAMBA;6,921;6,986;7,028;7,078;7,123;7,163;7,202;7,240;7,277
190304;PALCAZU;8,211;8,156;8,076;7,987;7,902;7,818;7,735;7,650;7,565
190305;POZUZO;4,990;4,789;4,580;4,377;4,174;3,977;3,784;3,600;3,423
190306;PUERTO BERMUDEZ;20,091;20,825;21,511;22,000;22,387;22,704;22,977;23,240;23,487
190307;VILLA RICA;18,711;18,692;18,610;18,534;18,466;18,402;18,341;18,278;18,213
190308;CONSTITUCIÓN ;15,635;16,374;17,089;17,577;17,961;18,268;18,532;18,784;19,023
200000;PIURA;1,974,368;2,013,517;2,047,954;2,077,039;2,103,099;2,127,093;2,149,978;2,172,710;2,195,231
200100;PIURA;850,972;873,854;894,847;912,742;929,063;944,326;959,055;973,775;988,466
200101;PIURA;169,213;173,672;177,748;181,371;184,732;187,926;191,048;194,198;197,373
200104;CASTILLA;172,060;178,066;183,759;188,678;193,225;197,533;201,735;205,967;210,227
200105;CATACAOS;78,209;79,681;80,950;81,972;82,839;83,594;84,277;84,928;85,543
200107;CURA MORI;19,471;19,794;20,065;20,273;20,441;20,580;20,698;20,806;20,903
200108;EL TALLAN;5,544;5,594;5,628;5,634;5,643;5,651;5,660;5,670;5,681
200109;LA ARENA;40,018;40,706;41,286;41,736;42,102;42,406;42,668;42,909;43,124
200110;LA UNION;42,785;43,624;44,355;44,954;45,471;45,930;46,354;46,764;47,158
200111;LAS LOMAS;28,769;29,047;29,241;29,290;29,345;29,406;29,470;29,538;29,609
200114;TAMBO GRANDE;118,814;121,568;124,028;126,126;128,004;129,729;131,366;132,980;134,568
200115;VEINTISÉIS DE OCTUBRE ;176,089;182,102;187,787;192,708;197,261;201,571;205,779;210,015;214,280
200200;AYABACA;128,906;128,500;127,737;127,146;126,550;125,948;125,333;124,703;124,055
200201;AYABACA;33,649;33,313;32,889;32,525;32,156;31,788;31,416;31,040;30,661
200202;FRIAS;21,551;21,490;21,370;21,287;21,201;21,109;21,013;20,914;20,812
200203;JILILI;2,708;2,695;2,675;2,659;2,642;2,626;2,608;2,591;2,574
200204;LAGUNAS;5,919;5,876;5,816;5,768;5,719;5,670;5,619;5,567;5,514
200205;MONTERO;6,713;6,680;6,628;6,587;6,547;6,504;6,459;6,416;6,370
200206;PACAIPAMPA;23,418;23,373;23,262;23,194;23,119;23,040;22,957;22,870;22,778
200207;PAIMAS;10,227;10,319;10,382;10,463;10,542;10,620;10,695;10,768;10,840
200208;SAPILLICA;11,039;11,068;11,065;11,022;10,994;10,978;10,967;10,957;10,946
200209;SICCHEZ;1,723;1,685;1,642;1,604;1,567;1,528;1,491;1,455;1,419
200210;SUYO;11,959;12,001;12,008;12,037;12,063;12,085;12,108;12,125;12,141
200300;HUANCABAMBA;118,992;118,927;118,533;118,232;117,899;117,542;117,165;116,770;116,355
200301;HUANCABAMBA;29,452;29,490;29,446;29,424;29,395;29,359;29,316;29,268;29,214
200302;CANCHAQUE;7,798;7,723;7,628;7,539;7,449;7,357;7,266;7,175;7,083
200303;EL CARMEN DE LA FRONTERA;11,892;11,860;11,797;11,743;11,685;11,625;11,563;11,500;11,435
200304;HUARMACA;37,658;37,627;37,489;37,380;37,259;37,131;36,992;36,849;36,699
200305;LALAQUIZ;4,302;4,247;4,181;4,119;4,057;3,996;3,936;3,873;3,811
200306;SAN MIGUEL DE EL FAIQUE;9,315;9,369;9,395;9,429;9,461;9,490;9,517;9,543;9,567
200307;SONDOR;7,547;7,496;7,425;7,361;7,295;7,227;7,160;7,091;7,022
200308;SONDORILLO;11,028;11,115;11,172;11,237;11,298;11,357;11,415;11,471;11,524
200400;MORROPON;170,314;171,985;173,193;174,154;174,921;175,547;176,085;176,585;177,039
200401;CHULUCANAS;87,221;88,596;89,735;90,461;91,141;91,788;92,419;93,041;93,656
200402;BUENOS AIRES;9,935;10,086;10,211;10,351;10,468;10,570;10,661;10,747;10,831
200403;CHALACO;8,008;7,888;7,746;7,615;7,478;7,337;7,193;7,048;6,900
200404;LA MATANZA;14,639;14,863;15,047;15,254;15,428;15,578;15,713;15,843;15,965
200405;MORROPON;15,736;15,915;16,052;16,229;16,377;16,503;16,616;16,724;16,826
200406;SALITRAL;8,966;9,039;9,086;9,158;9,215;9,258;9,292;9,321;9,344
200407;SAN JUAN DE BIGOTE;6,730;6,730;6,710;6,710;6,697;6,676;6,649;6,619;6,587
200408;SANTA CATALINA DE MOSSA;3,874;3,849;3,813;3,788;3,755;3,716;3,675;3,633;3,585
200409;SANTO DOMINGO;6,284;6,164;6,029;5,892;5,750;5,606;5,458;5,309;5,159
200410;YAMANGO;8,921;8,855;8,764;8,696;8,612;8,515;8,409;8,300;8,186
200500;PAITA;140,578;144,581;148,289;151,501;154,470;157,282;160,026;162,788;165,570
200501;PAITA;96,202;99,150;101,905;104,513;106,929;109,218;111,455;113,706;115,977
200502;AMOTAPE;2,480;2,507;2,526;2,547;2,565;2,582;2,596;2,611;2,627
200503;ARENAL;1,218;1,235;1,249;1,263;1,270;1,276;1,281;1,287;1,290
200504;COLAN;16,057;16,522;16,953;17,172;17,379;17,579;17,775;17,972;18,169
200505;LA HUACA;13,534;13,868;14,170;14,345;14,510;14,668;14,824;14,980;15,136
200506;TAMARINDO;5,150;5,246;5,330;5,409;5,479;5,544;5,605;5,666;5,729
200507;VICHAYAL;5,937;6,053;6,156;6,252;6,338;6,415;6,490;6,566;6,642
200600;SULLANA;331,023;336,678;341,490;345,276;348,478;351,262;353,793;356,232;358,559
200601;SULLANA;183,056;186,434;189,351;191,400;193,254;194,970;196,599;198,198;199,760
200602;BELLAVISTA;38,301;38,655;38,905;39,181;39,384;39,535;39,653;39,761;39,854
200603;IGNACIO ESCUDERO;20,941;21,335;21,676;21,975;22,210;22,399;22,562;22,714;22,854
200604;LANCONES;13,210;13,266;13,286;13,333;13,363;13,379;13,388;13,395;13,398
200605;MARCAVELICA;31,067;31,705;32,265;32,747;33,129;33,438;33,705;33,956;34,188
200606;MIGUEL CHECA;9,675;9,952;10,210;10,419;10,587;10,727;10,849;10,965;11,072
200607;QUERECOTILLO;27,408;27,805;28,130;28,433;28,667;28,852;29,007;29,150;29,281
200608;SALITRAL;7,365;7,526;7,667;7,788;7,884;7,962;8,030;8,093;8,152
200700;TALARA;149,424;152,037;154,268;156,024;157,511;158,807;159,985;161,121;162,208
200701;PARIÑAS;101,707;103,472;104,973;106,157;107,159;108,033;108,828;109,593;110,326
200702;EL ALTO;8,617;8,803;8,969;9,097;9,205;9,299;9,384;9,467;9,546
200703;LA BREA;13,031;13,129;13,192;13,250;13,300;13,343;13,382;13,420;13,456
200704;LOBITOS;1,396;1,392;1,384;1,380;1,376;1,373;1,370;1,367;1,365
200705;LOS ORGANOS;11,244;11,453;11,634;11,775;11,895;11,999;12,094;12,186;12,273
200706;MANCORA;13,429;13,788;14,116;14,365;14,576;14,760;14,927;15,088;15,242
200800;SECHURA;84,159;86,955;89,597;91,964;94,207;96,379;98,536;100,736;102,979
200801;SECHURA;47,345;49,156;50,892;52,436;53,899;55,316;56,721;58,157;59,620
200802;BELLAVISTA DE LA UNION;4,970;5,096;5,210;5,314;5,413;5,509;5,605;5,702;5,801
200803;BERNAL;7,356;7,524;7,674;7,812;7,944;8,071;8,197;8,325;8,457
200804;CRISTO NOS VALGA;4,641;4,798;4,948;5,082;5,209;5,331;5,453;5,577;5,703
200805;VICE;16,763;17,264;17,732;18,154;18,553;18,940;19,325;19,717;20,117
200806;RINCONADA LLICUAR;3,084;3,117;3,141;3,166;3,189;3,212;3,235;3,258;3,281
210000;PUNO;1,236,836;1,239,022;1,237,997;1,233,277;1,226,353;1,217,951;1,208,802;1,199,636;1,190,370
210100;PUNO;229,668;230,273;230,219;227,448;224,425;221,257;218,046;214,887;211,768
210101;PUNO;141,077;142,691;143,867;143,434;142,897;142,282;141,629;140,967;140,289
210102;ACORA;24,212;23,858;23,439;22,703;21,929;21,138;20,348;19,579;18,830
210103;AMANTANI;3,550;3,494;3,430;3,318;3,202;3,083;2,966;2,851;2,740
210104;ATUNCOLLA;4,830;4,791;4,739;4,623;4,496;4,364;4,231;4,100;3,972
210105;CAPACHICA;7,717;7,448;7,167;6,801;6,433;6,074;5,727;5,398;5,085
210106;CHUCUITO;7,463;7,433;7,380;7,226;7,055;6,873;6,689;6,506;6,326
210107;COATA;6,975;6,947;6,898;6,754;6,595;6,426;6,253;6,083;5,914
210108;HUATA;3,220;3,058;2,904;2,720;2,537;2,357;2,181;2,008;1,840
210109;MAÑAZO;5,363;5,362;5,345;5,254;5,149;5,037;4,921;4,805;4,689
210110;PAUCARCOLLA;4,444;4,413;4,368;4,263;4,149;4,031;3,910;3,792;3,675
210111;PICHACANI;5,958;6,000;6,026;6,018;6,006;5,990;5,972;5,954;5,934
210112;PLATERIA;7,487;7,426;7,346;7,165;6,967;6,762;6,553;6,350;6,149
210113;SAN ANTONIO;2,676;2,690;2,697;2,665;2,627;2,584;2,538;2,491;2,445
210114;TIQUILLACA;1,683;1,654;1,620;1,567;1,509;1,450;1,392;1,336;1,281
210115;VILQUE;3,013;3,008;2,993;2,937;2,874;2,806;2,736;2,667;2,599
210200;AZANGARO;115,562;114,007;112,149;110,782;109,293;107,733;106,153;104,598;103,064
210201;AZANGARO;31,139;31,427;31,615;31,851;32,095;32,345;32,616;32,909;33,228
210202;ACHAYA;2,952;2,870;2,782;2,717;2,647;2,576;2,504;2,434;2,365
210203;ARAPA;7,350;7,252;7,130;7,064;6,983;6,891;6,795;6,702;6,610
210204;ASILLO;15,165;14,984;14,758;14,510;14,258;14,001;13,743;13,486;13,230
210205;CAMINACA  ;3,103;3,046;2,980;2,937;2,888;2,836;2,782;2,730;2,680
210206;CHUPA;6,609;6,177;5,756;5,409;5,054;4,692;4,324;3,948;3,565
210207;JOSE DOMINGO CHOQUEHUANCA;4,844;4,814;4,767;4,756;4,733;4,705;4,672;4,641;4,608
210208;MUÑANI;6,995;6,943;6,867;6,844;6,804;6,754;6,700;6,647;6,595
210209;POTONI;4,009;3,824;3,637;3,471;3,301;3,128;2,952;2,773;2,591
210210;SAMAN;9,925;9,588;9,231;8,875;8,511;8,140;7,763;7,381;6,993
210211;SAN ANTON;7,632;7,503;7,352;7,258;7,149;7,030;6,909;6,791;6,674
210212;SAN JOSE;5,092;5,015;4,923;4,870;4,805;4,735;4,662;4,590;4,519
210213;SAN JUAN DE SALINAS;3,043;2,962;2,875;2,813;2,743;2,672;2,600;2,531;2,464
210214;SANTIAGO DE PUPUJA;4,704;4,613;4,509;4,440;4,361;4,278;4,194;4,111;4,030
210215;TIRAPATA;3,000;2,989;2,967;2,967;2,961;2,950;2,937;2,924;2,912
210300;CARABAYA;77,927;78,511;78,873;79,376;79,766;80,078;80,346;80,604;80,848
210301;MACUSANI;13,848;14,035;14,173;14,357;14,529;14,695;14,863;15,035;15,205
210302;AJOYANI;2,397;2,441;2,477;2,522;2,562;2,600;2,635;2,668;2,701
210303;AYAPATA;9,587;9,626;9,627;9,591;9,574;9,569;9,564;9,559;9,552
210304;COASA;6,690;6,310;5,932;5,573;5,224;4,879;4,635;4,387;4,138
210305;CORANI;4,569;4,659;4,735;4,827;4,909;4,983;5,054;5,125;5,195
210306;CRUCERO;9,887;10,008;10,095;10,214;10,326;10,437;10,546;10,655;10,762
210307;ITUATA  ;8,174;8,385;8,569;8,786;8,973;9,139;9,296;9,451;9,604
210308;OLLACHEA;6,299;6,432;6,544;6,679;6,798;6,907;7,009;7,112;7,214
210309;SAN GABAN;7,341;7,743;8,135;8,564;8,916;9,214;9,385;9,552;9,717
210310;USICAYOS;9,135;8,872;8,586;8,263;7,955;7,655;7,359;7,060;6,760
210400;CHUCUITO;93,178;90,742;88,112;86,734;85,265;83,747;82,219;80,717;79,237
210401;JULI;20,995;20,740;20,420;20,375;20,291;20,184;20,060;19,931;19,793
210402;DESAGUADERO;14,082;13,621;13,132;12,831;12,516;12,195;11,872;11,554;11,242
210403;HUACULLANI;9,444;9,044;8,634;8,350;8,064;7,779;7,497;7,223;6,957
210404;KELLUYO;7,565;6,975;6,411;5,973;5,557;5,163;4,798;4,458;4,140
210405;PISACOMA;8,676;8,404;8,114;7,939;7,756;7,567;7,377;7,190;7,007
210406;POMATA;14,587;14,314;13,999;13,874;13,729;13,568;13,400;13,228;13,054
210407;ZEPITA;17,829;17,644;17,402;17,392;17,352;17,291;17,215;17,133;17,044
210500;EL COLLAO;68,320;67,392;66,287;65,355;64,354;63,313;62,262;61,229;60,210
210501;ILAVE;49,591;49,234;48,729;48,331;47,866;47,358;46,825;46,289;45,751
210502;CAPAZO;1,197;1,152;1,107;1,066;1,025;985;946;909;873
210503;PILCUYO;11,279;11,059;10,812;10,595;10,369;10,136;9,905;9,679;9,457
210504;SANTA ROSA;3,605;3,412;3,220;3,048;2,882;2,723;2,573;2,432;2,297
210505;CONDURIRI;2,648;2,535;2,419;2,315;2,212;2,111;2,013;1,920;1,832
210600;HUANCANE;60,419;59,769;58,957;58,213;57,406;56,562;55,707;54,867;54,037
210601;HUANCANE;19,341;19,222;19,050;18,895;18,718;18,527;18,328;18,129;17,932
210602;COJATA;4,056;4,037;4,007;3,982;3,951;3,916;3,881;3,845;3,811
210603;HUATASANI;3,279;3,213;3,140;3,071;3,000;2,927;2,855;2,785;2,716
210604;INCHUPALLA;2,731;2,668;2,598;2,533;2,466;2,398;2,331;2,266;2,203
210605;PUSI ;5,294;5,201;5,097;4,998;4,895;4,790;4,686;4,583;4,482
210606;ROSASPATA;4,253;4,151;4,039;3,934;3,825;3,717;3,610;3,507;3,405
210607;TARACO;13,694;13,636;13,536;13,451;13,349;13,235;13,115;12,998;12,879
210608;VILQUE CHICO;7,771;7,641;7,490;7,349;7,202;7,052;6,901;6,754;6,609
210700;LAMPA;43,322;42,996;42,549;41,971;41,348;40,700;40,044;39,400;38,764
210701;LAMPA;11,752;11,786;11,783;11,749;11,708;11,661;11,610;11,560;11,507
210702;CABANILLA;5,911;5,943;5,955;5,977;5,992;6,004;6,014;6,023;6,032
210703;CALAPUJA;1,716;1,739;1,755;1,776;1,797;1,817;1,838;1,858;1,877
210704;NICASIO;2,476;2,451;2,419;2,365;2,306;2,245;2,183;2,123;2,064
210705;OCUVIRI;2,425;2,404;2,376;2,328;2,276;2,222;2,166;2,112;2,060
210706;PALCA;1,892;1,810;1,725;1,635;1,545;1,455;1,365;1,276;1,189
210707;PARATIA;2,823;2,666;2,510;2,358;2,205;2,052;1,901;1,752;1,605
210708;PUCARA;5,550;5,505;5,442;5,336;5,219;5,098;4,975;4,855;4,738
210709;SANTA LUCIA;7,503;7,486;7,445;7,367;7,279;7,185;7,090;6,997;6,906
210710;VILAVILA;1,274;1,206;1,139;1,080;1,021;961;902;844;786
210800;MELGAR;70,348;70,119;69,693;69,142;68,510;67,829;67,128;66,437;65,754
210801;AYAVIRI;25,418;25,708;25,921;26,084;26,215;26,329;26,440;26,562;26,700
210802;ANTAUTA;5,635;5,711;5,770;5,818;5,859;5,897;5,934;5,974;6,019
210803;CUPI;2,109;2,073;2,031;1,985;1,936;1,886;1,833;1,780;1,726
210804;LLALLI;2,698;2,608;2,513;2,416;2,317;2,217;2,118;2,019;1,918
210805;MACARI;7,377;7,334;7,268;7,186;7,094;6,993;6,888;6,780;6,668
210806;NUÑOA;8,765;8,581;8,374;8,152;7,921;7,683;7,439;7,192;6,940
210807;ORURILLO;7,983;7,790;7,579;7,358;7,130;6,899;6,665;6,431;6,194
210808;SANTA ROSA;6,445;6,408;6,353;6,287;6,213;6,134;6,053;5,972;5,892
210809;UMACHIRI;3,918;3,906;3,884;3,856;3,825;3,791;3,758;3,727;3,697
210900;MOHO;20,321;19,776;19,190;18,826;18,445;18,053;17,661;17,273;16,893
210901;MOHO;11,723;11,334;10,927;10,662;10,383;10,100;9,818;9,538;9,266
210902;CONIMA;3,304;3,289;3,263;3,252;3,242;3,231;3,220;3,208;3,196
210903;HUAYRAPATA;2,697;2,594;2,488;2,415;2,341;2,266;2,191;2,118;2,048
210904;TILALI;2,597;2,559;2,512;2,497;2,479;2,456;2,432;2,409;2,383
211000;SAN ANTONIO DE PUTINA;36,799;35,803;34,734;34,000;33,233;32,450;31,668;30,899;30,143
211001;PUTINA;14,824;14,367;13,882;13,547;13,197;12,840;12,483;12,133;11,788
211002;ANANEA;12,692;12,129;11,551;11,145;10,722;10,289;9,857;9,432;9,014
211003;PEDRO VILCA APAZA;2,005;1,963;1,916;1,884;1,852;1,818;1,784;1,751;1,718
211004;QUILCAPUNCU;5,495;5,528;5,541;5,557;5,574;5,592;5,609;5,626;5,643
211005;SINA;1,783;1,816;1,844;1,867;1,888;1,911;1,935;1,957;1,980
211100;SAN ROMAN;325,549;335,193;344,030;349,156;353,070;356,090;358,549;360,808;362,824
211101;JULIACA   ;240,615;246,970;252,671;256,093;258,728;260,785;262,477;264,040;265,445
211102;CABANA;5,314;5,412;5,495;5,547;5,587;5,618;5,644;5,668;5,690
211103;CABANILLAS;4,652;4,606;4,546;4,412;4,279;4,145;4,011;3,877;3,743
211104;CARACOTO  ;7,247;7,374;7,479;7,545;7,597;7,637;7,671;7,702;7,730
211105;SAN MIGUEL   ;67,721;70,831;73,839;75,559;76,879;77,905;78,746;79,521;80,216
211200;SANDIA;56,902;56,575;56,088;55,552;54,952;54,314;53,662;53,021;52,387
211201;SANDIA;11,498;11,490;11,446;11,374;11,289;11,199;11,105;11,013;10,922
211202;CUYOCUYO;5,619;5,636;5,633;5,623;5,611;5,597;5,581;5,566;5,551
211203;LIMBANI;3,358;3,319;3,269;3,199;3,122;3,039;2,955;2,872;2,790
211204;PATAMBUCO;4,244;4,236;4,212;4,177;4,136;4,093;4,049;4,005;3,962
211205;PHARA;5,956;6,061;6,145;6,220;6,290;6,357;6,421;6,485;6,548
211206;QUIACA;2,308;2,312;2,308;2,300;2,291;2,281;2,270;2,259;2,249
211207;SAN JUAN DEL ORO;3,869;3,543;3,235;3,022;2,808;2,595;2,383;2,173;1,965
211208;YANAHUAYA;2,176;2,155;2,127;2,089;2,045;1,996;1,949;1,902;1,855
211209;ALTO INAMBARI;7,530;7,517;7,480;7,422;7,356;7,284;7,210;7,138;7,067
211210;SAN PEDRO DE PUTINA PUNCO;10,344;10,306;10,233;10,126;10,004;9,873;9,739;9,608;9,478
211300;YUNGUYO;38,521;37,866;37,116;36,722;36,286;35,825;35,357;34,896;34,441
211301;YUNGUYO;25,447;25,159;24,795;24,651;24,474;24,268;24,046;23,823;23,593
211302;ANAPIA;1,826;1,787;1,743;1,717;1,687;1,657;1,627;1,596;1,567
211303;COPANI;5,023;4,985;4,930;4,922;4,904;4,883;4,859;4,834;4,809
211304;CUTURAPI;1,385;1,366;1,344;1,335;1,323;1,310;1,297;1,283;1,271
211305;OLLARAYA;2,839;2,710;2,579;2,476;2,373;2,272;2,176;2,082;1,993
211306;TINICACHI;957;917;876;846;815;784;754;725;697
211307;UNICACHI;1,044;942;849;775;710;651;598;553;511
220000;SAN MARTÍN;866,861;884,283;899,648;912,674;924,384;935,194;945,523;955,789;965,964
220100;MOYOBAMBA;130,133;132,050;133,631;134,873;135,911;136,807;137,621;138,412;139,175
220101;MOYOBAMBA;81,678;83,623;85,365;86,774;88,059;89,255;90,399;91,526;92,634
220102;CALZADA;4,653;4,729;4,792;4,848;4,889;4,919;4,943;4,964;4,984
220103;HABANA;1,681;1,681;1,677;1,673;1,664;1,655;1,645;1,635;1,623
220104;JEPELACIO;16,313;16,165;15,972;15,771;15,547;15,308;15,060;14,811;14,561
220105;SORITOR;22,922;22,947;22,909;22,876;22,810;22,721;22,619;22,515;22,407
220106;YANTALO;2,886;2,905;2,916;2,931;2,942;2,949;2,955;2,961;2,966
220200;BELLAVISTA;58,698;59,867;60,893;61,772;62,564;63,294;63,992;64,684;65,367
220201;BELLAVISTA;17,819;18,244;18,627;18,949;19,240;19,507;19,763;20,018;20,270
220202;ALTO BIAVO;8,877;9,243;9,595;9,880;10,136;10,372;10,596;10,818;11,038
220203;BAJO BIAVO;14,445;14,762;15,041;15,279;15,494;15,691;15,881;16,068;16,253
220204;HUALLAGA;2,741;2,741;2,735;2,734;2,733;2,732;2,730;2,728;2,726
220205;SAN PABLO;8,672;8,668;8,638;8,627;8,617;8,609;8,602;8,595;8,587
220206;SAN RAFAEL;6,144;6,209;6,257;6,303;6,344;6,383;6,420;6,457;6,493
220300;EL DORADO;41,211;42,145;42,983;43,696;44,342;44,942;45,518;46,092;46,661
220301;SAN JOSE DE SISA;16,290;16,664;16,998;17,282;17,540;17,781;18,011;18,239;18,467
220302;AGUA BLANCA;2,383;2,375;2,359;2,350;2,342;2,335;2,328;2,322;2,315
220303;SAN MARTIN;12,378;12,750;13,096;13,384;13,645;13,885;14,118;14,349;14,577
220304;SANTA ROSA;7,049;7,185;7,305;7,409;7,502;7,589;7,673;7,756;7,839
220305;SHATOJA;3,111;3,171;3,225;3,271;3,313;3,352;3,388;3,426;3,463
220400;HUALLAGA;29,027;29,597;30,097;30,525;30,906;31,259;31,594;31,927;32,255
220401;SAPOSOA;14,328;14,585;14,798;15,009;15,204;15,388;15,567;15,747;15,922
220402;ALTO SAPOSOA;4,822;5,098;5,374;5,601;5,805;5,996;6,178;6,359;6,538
220403;EL ESLABON;2,105;2,051;1,992;1,931;1,871;1,811;1,751;1,690;1,629
220404;PISCOYACU;4,510;4,619;4,716;4,806;4,888;4,965;5,039;5,112;5,186
220405;SACANCHE;2,449;2,425;2,395;2,350;2,306;2,261;2,218;2,173;2,128
220406;TINGO DE SAPOSOA;813;819;822;828;832;838;841;846;852
220500;LAMAS;86,767;87,816;88,637;89,224;89,673;90,024;90,316;90,590;90,842
220501;LAMAS;15,067;15,288;15,474;15,640;15,773;15,886;15,985;16,081;16,171
220502;ALONSO DE ALVARADO;14,535;14,532;14,486;14,425;14,365;14,303;14,242;14,179;14,117
220503;BARRANQUITA;7,038;7,245;7,435;7,602;7,771;7,939;8,109;8,280;8,451
220504;CAYNARACHI   ;10,470;10,787;11,081;11,297;11,466;11,602;11,718;11,828;11,932
220505;CUÑUMBUQUI;3,277;3,191;3,100;2,998;2,895;2,792;2,689;2,584;2,479
220506;PINTO RECODO;9,151;9,156;9,134;9,085;9,036;8,987;8,937;8,887;8,837
220507;RUMISAPA;3,599;3,725;3,842;3,926;3,992;4,044;4,090;4,132;4,171
220508;SAN ROQUE DE CUMBAZA;1,679;1,700;1,715;1,732;1,744;1,756;1,765;1,774;1,783
220509;SHANAO;1,999;1,963;1,920;1,863;1,806;1,748;1,690;1,632;1,574
220510;TABALOSOS;14,248;14,440;14,593;14,737;14,855;14,955;15,042;15,127;15,208
220511;ZAPATERO;5,704;5,789;5,857;5,919;5,970;6,012;6,049;6,086;6,119
220600;MARISCAL CACERES;68,880;71,100;73,193;75,144;77,023;78,860;80,687;82,537;84,409
220601;JUANJUI;32,828;33,472;34,024;34,568;35,093;35,607;36,119;36,637;37,162
220602;CAMPANILLA;15,259;16,221;17,190;18,060;18,897;19,714;20,526;21,348;22,180
220603;HUICUNGO;8,801;9,113;9,409;9,684;9,948;10,207;10,464;10,724;10,988
220604;PACHIZA;6,295;6,529;6,752;6,958;7,158;7,351;7,545;7,741;7,938
220605;PAJARILLO;5,697;5,765;5,818;5,874;5,927;5,981;6,033;6,087;6,141
220700;PICOTA;42,832;43,491;44,039;44,476;44,848;45,173;45,472;45,764;46,048
220701;PICOTA;10,846;11,162;11,450;11,680;11,895;12,098;12,294;12,487;12,678
220702;BUENOS AIRES;3,040;3,035;3,019;3,019;3,014;3,008;3,001;2,993;2,986
220703;CASPISAPA;2,138;2,165;2,186;2,208;2,224;2,236;2,245;2,254;2,262
220704;PILLUANA;882;882;881;880;878;876;871;867;863
220705;PUCACACA;2,989;3,008;3,019;3,034;3,044;3,051;3,057;3,062;3,067
220706;SAN CRISTOBAL;1,211;1,207;1,199;1,198;1,195;1,191;1,187;1,184;1,180
220707;SAN HILARION;3,901;3,867;3,823;3,774;3,720;3,662;3,602;3,541;3,480
220708;SHAMBOYACU;9,808;10,134;10,440;10,670;10,885;11,088;11,286;11,481;11,674
220709;TINGO DE PONASA;3,895;3,897;3,888;3,878;3,862;3,842;3,819;3,797;3,773
220710;TRES UNIDOS;4,122;4,134;4,134;4,135;4,131;4,121;4,110;4,098;4,085
220800;RIOJA;126,568;129,260;131,651;133,698;135,554;137,279;138,934;140,582;142,218
220801;RIOJA;25,911;26,323;26,660;26,962;27,203;27,401;27,577;27,752;27,922
220802;AWAJUN;7,870;7,925;7,955;7,990;8,012;8,026;8,036;8,045;8,054
220803;ELIAS SOPLIN VARGAS;18,547;19,703;20,862;21,880;22,871;23,842;24,800;25,754;26,704
220804;NUEVA CAJAMARCA;44,888;45,934;46,862;47,584;48,250;48,877;49,483;50,086;50,687
220805;PARDO MIGUEL;17,177;17,206;17,183;17,168;17,133;17,085;17,030;16,976;16,922
220806;POSIC;1,964;2,031;2,094;2,147;2,191;2,229;2,265;2,302;2,338
220807;SAN FERNANDO;3,698;3,694;3,678;3,671;3,660;3,647;3,633;3,619;3,605
220808;YORONGOS;2,654;2,617;2,573;2,541;2,510;2,479;2,448;2,417;2,387
220809;YURACYACU;3,859;3,827;3,784;3,755;3,724;3,693;3,662;3,631;3,599
220900;SAN MARTIN;207,197;212,857;218,074;222,442;226,393;230,062;233,581;237,081;240,557
220901;TARAPOTO;80,445;81,787;82,900;83,892;84,794;85,634;86,442;87,244;88,042
220902;ALBERTO LEVEAU;901;910;915;923;927;933;936;944;946
220903;CACATACHI;3,639;3,714;3,778;3,834;3,885;3,932;3,977;4,022;4,067
220904;CHAZUTA;10,235;10,422;10,580;10,719;10,845;10,963;11,077;11,189;11,301
220905;CHIPURANA;2,314;2,364;2,407;2,445;2,478;2,510;2,540;2,570;2,600
220906;EL PORVENIR;2,468;2,514;2,551;2,585;2,615;2,643;2,670;2,697;2,724
220907;HUIMBAYOC;5,337;5,446;5,542;5,624;5,700;5,769;5,836;5,902;5,969
220908;JUAN GUERRA;3,987;4,072;4,147;4,212;4,270;4,324;4,376;4,428;4,480
220909;LA BANDA DE SHILCAYO;45,450;47,438;49,359;50,923;52,334;53,642;54,896;56,142;57,380
220910;MORALES;39,372;41,348;43,287;44,851;46,263;47,571;48,825;50,071;51,309
220911;PAPAPLAYA;2,104;2,068;2,028;1,998;1,972;1,948;1,924;1,901;1,878
220912;SAN ANTONIO;1,688;1,714;1,734;1,752;1,770;1,785;1,800;1,816;1,831
220913;SAUCE;7,279;7,050;6,810;6,625;6,459;6,307;6,162;6,017;5,873
220914;SHAPAJA;1,978;2,010;2,036;2,059;2,081;2,101;2,120;2,138;2,157
221000;TOCACHE;75,548;76,100;76,450;76,824;77,170;77,494;77,808;78,120;78,432
221001;TOCACHE 3/;29,831;30,203;30,496;30,566;30,856;31,137;31,412;31,688;31,964
221002;NUEVO PROGRESO;12,269;12,414;12,525;12,641;12,753;12,859;12,965;13,071;13,177
221003;POLVORA;10,986;11,056;11,095;11,138;11,175;11,209;11,241;11,272;11,303
221004;SHUNTE;1,334;1,355;1,374;1,392;1,410;1,429;1,447;1,464;1,481
221005;UCHIZA 3/;21,128;21,072;20,960;14,838;14,758;14,674;14,589;14,503;14,417
221006;SANTA LUCIA 3/;Distrito creado en 2021;Distrito creado en 2021;Distrito creado en 2021;6,249;6,218;6,186;6,154;6,122;6,090
230000;TACNA;354,644;363,205;370,974;377,842;384,222;390,279;396,180;402,089;407,996
230100;TACNA;329,914;338,421;346,192;352,781;358,935;364,799;370,526;376,260;381,995
230101;TACNA   ;101,639;103,125;104,314;105,248;106,071;106,816;107,519;108,210;108,892
230102;ALTO DE LA ALIANZA;35,272;35,319;35,258;35,035;34,733;34,376;33,984;33,577;33,156
230103;CALANA;3,278;3,355;3,424;3,478;3,526;3,568;3,607;3,645;3,682
230104;CIUDAD NUEVA;33,044;32,991;32,834;32,530;32,153;31,726;31,269;30,801;30,321
230105;INCLAN;2,865;2,779;2,688;2,586;2,484;2,382;2,282;2,185;2,091
230106;PACHIA;2,218;2,251;2,277;2,291;2,304;2,316;2,328;2,339;2,351
230107;PALCA;2,065;2,150;2,232;2,309;2,384;2,461;2,540;2,623;2,708
230108;POCOLLAY;19,008;19,240;19,415;19,447;19,471;19,491;19,507;19,522;19,535
230109;SAMA;3,435;3,564;3,686;3,794;3,897;3,995;4,093;4,190;4,287
230110;CORONEL GREGORIO ALBARRACIN LANCHIPA;120,575;127,017;133,338;139,270;145,066;150,781;156,475;162,215;167,992
230111;LA YARADA LOS PALOS  ;6,515;6,630;6,726;6,793;6,846;6,887;6,922;6,953;6,980
230200;CANDARAVE;6,378;6,242;6,093;6,083;6,062;6,037;6,007;5,978;5,948
230201;CANDARAVE;2,473;2,420;2,359;2,353;2,343;2,331;2,318;2,306;2,293
230202;CAIRANI;1,022;997;970;965;959;952;944;936;928
230203;CAMILACA;1,200;1,161;1,120;1,105;1,088;1,071;1,052;1,034;1,016
230204;CURIBAYA;420;449;479;517;554;590;626;661;695
230205;HUANUARA;524;503;480;470;457;445;433;420;409
230206;QUILAHUANI;739;712;685;673;661;648;634;621;607
230300;JORGE BASADRE;12,013;12,295;12,549;12,849;13,115;13,359;13,592;13,825;14,058
230301;LOCUMBA;2,567;2,620;2,669;2,732;2,784;2,831;2,875;2,918;2,961
230302;ILABAYA;6,225;6,452;6,663;6,909;7,133;7,342;7,544;7,747;7,950
230303;ITE;3,221;3,223;3,217;3,208;3,198;3,186;3,173;3,160;3,147
230400;TARATA;6,339;6,247;6,140;6,129;6,110;6,084;6,055;6,026;5,995
230401;TARATA;3,593;3,593;3,585;3,583;3,578;3,572;3,563;3,556;3,549
230402;HÉROES ALBARRACÍN;326;310;295;294;292;289;287;283;279
230403;ESTIQUE;250;234;219;218;218;212;209;207;202
230404;ESTIQUE-PAMPA;333;332;325;322;319;317;314;311;309
230405;SITAJARA;363;348;334;333;332;330;327;324;321
230406;SUSAPAYA;532;510;488;488;484;482;477;473;468
230407;TARUCACHI;329;322;312;309;306;302;300;296;293
230408;TICACO;613;598;582;582;581;580;578;576;574
240000;TUMBES;241,321;246,699;251,521;255,712;259,556;263,164;266,653;270,134;273,604
240100;TUMBES;165,555;168,659;171,356;173,641;175,684;177,554;179,326;181,067;182,773
240101;TUMBES;109,787;111,761;113,458;115,148;116,717;118,196;119,620;121,016;122,386
240102;CORRALES;24,746;25,242;25,679;25,929;26,120;26,269;26,396;26,518;26,634
240103;LA CRUZ;10,167;10,434;10,679;10,849;10,995;11,126;11,251;11,376;11,502
240104;PAMPAS DE HOSPITAL;7,326;7,460;7,578;7,643;7,691;7,728;7,760;7,792;7,824
240105;SAN JACINTO;8,816;8,936;9,035;9,078;9,112;9,140;9,164;9,188;9,211
240106;SAN JUAN DE LA VIRGEN;4,713;4,826;4,927;4,994;5,049;5,095;5,135;5,177;5,216
240200;CONTRALMIRANTE VILLAR;22,692;23,431;24,127;24,759;25,361;25,946;26,527;27,118;27,719
240201;ZORRITOS;13,115;13,476;13,807;14,099;14,369;14,626;14,875;15,127;15,378
240202;CASITAS;2,609;2,658;2,700;2,737;2,772;2,805;2,837;2,867;2,898
240203;CANOAS DE PUNTA SAL ;6,968;7,297;7,620;7,923;8,220;8,515;8,815;9,124;9,443
240300;ZARUMILLA;53,074;54,609;56,038;57,312;58,511;59,664;60,800;61,949;63,112
240301;ZARUMILLA;24,067;24,756;25,390;26,050;26,665;27,251;27,829;28,414;29,008
240302;AGUAS VERDES;18,615;18,931;19,195;19,512;19,806;20,084;20,356;20,632;20,911
240303;MATAPALO;3,677;3,991;4,320;4,505;4,686;4,868;5,049;5,231;5,414
240304;PAPAYAL;6,715;6,931;7,133;7,245;7,354;7,461;7,566;7,672;7,779
250000;UCAYALI;558,767;574,509;589,110;602,400;615,024;627,233;639,279;651,416;663,630
250100;CORONEL PORTILLO;425,956;437,302;447,733;457,311;466,369;475,099;483,691;492,341;501,037
250101;CALLERIA;165,393;168,924;172,052;174,981;177,751;180,420;183,046;185,692;188,351
250102;CAMPOVERDE;18,426;19,029;19,598;20,113;20,601;21,071;21,533;21,999;22,467
250103;IPARIA;12,052;12,217;12,350;12,481;12,605;12,724;12,842;12,960;13,079
250104;MASISEA;11,880;11,937;11,961;11,997;12,030;12,063;12,095;12,127;12,159
250105;YARINACOCHA;112,352;115,625;118,666;121,443;124,069;126,600;129,092;131,600;134,121
250106;NUEVA REQUENA;5,624;5,690;5,742;5,794;5,843;5,891;5,937;5,984;6,032
250107;MANANTAY;100,229;103,880;107,364;110,502;113,470;116,330;119,146;121,979;124,828
250200;ATALAYA;57,633;59,396;61,049;62,480;63,844;65,165;66,472;67,789;69,115
250201;RAIMONDI;37,423;38,611;39,732;40,699;41,621;42,514;43,398;44,287;45,184
250202;SEPAHUA;7,963;8,123;8,264;8,390;8,510;8,627;8,742;8,858;8,975
250203;TAHUANIA;9,969;10,303;10,618;10,890;11,149;11,400;11,648;11,899;12,150
250204;YURUA;2,278;2,359;2,435;2,501;2,564;2,624;2,684;2,745;2,806
250300;PADRE ABAD;71,835;74,494;77,044;79,328;81,541;83,712;85,876;88,064;90,276
250301;PADRE ABAD 6/ 11/;35,675;36,918;38,100;29,520;30,297;31,059;31,818;32,586;33,363
250302;IRAZOLA  ;11,230;11,656;12,065;12,431;12,786;13,133;13,480;13,832;14,188
250303;CURIMANA;9,377;9,803;10,219;10,588;10,946;11,297;11,647;12,000;12,356
250304;NESHUYA   ;9,650;10,080;10,501;10,874;11,236;11,590;11,944;12,301;12,661
250305;ALEXANDER VON HUMBOLDT  ;5,903;6,037;6,159;6,272;6,380;6,487;6,593;6,701;6,811
250306;HUIPOCA 6/;Distrito creado en 2021;Distrito creado en 2021;Distrito creado en 2021;4,434;4,550;4,665;4,779;4,894;5,010
250307;BOQUERON 11/;Distrito creado en 2021;Distrito creado en 2021;Distrito creado en 2021;5,209;5,346;5,481;5,615;5,750;5,887
250400;PURÚS;3,343;3,317;3,284;3,281;3,270;3,257;3,240;3,222;3,202
250401;PURÚS;3,343;3,317;3,284;3,281;3,270;3,257;3,240;3,222;3,202
;;;;;;;;;;
Nota Técnica: Las proyecciones de población 2018-2026 constituyen información preliminar y de carácter referencial, hasta que se disponga de los resultados definitivos del Censo 2025.;;;;;;;;;;
1/ Comprende las proyecciones de población por departamento, provincia y distrito, 2018-2026.;;;;;;;;;;
2/ Según Ley N° 31092 publicado en el diario oficial El Peruano el 19 de diciembre 2020, se creó el distrito de Lambras, proveniente de los distritos de Surcubamba y Huachocolpa de la provincia de Tayacaja, departamento de Huancavelica.;;;;;;;;;;
3/ Según Ley N° 31128 publicado en el diario oficial El Peruano el 4 de marzo 2021, se creó el distrito de Santa Lucia, proveniente en su mayor parte del distrito Uchiza y los centros poblados Pedro Rondoi y José Carlos Mariategui del distrito de Tocache de la provincia de Tocache, departamento de San Martín.;;;;;;;;;;
4/ Según Ley N° 31130 publicado en el diario oficial El Peruano el 5 de marzo  2021, se creó el distrito de Unión Progreso, proveniente de Anco de la provincia de La Mar, departamento de Ayacucho.;;;;;;;;;;
5/ Según Ley N° 31132 publicado en el diario oficial El Peruano el 9 de marzo 2021, se creó el distrito de Cochabamba, proveniente de Tintay Puncu de la provincia de Tayacaja, departamento de Huancavelica.;;;;;;;;;;
6/ Según Ley N° 31133 publicado en el diario oficial El Peruano el 9 de marzo 2021, se creó el distrito de Huipoca, proveniente de Padre Abad de la provincia del mismo nombre, departamento de Ucayali.;;;;;;;;;;
7/ Según Ley N° 31134 publicado en el diario oficial El Peruano el 9 de marzo 2021, se creó el distrito de Putis, proveniente de distrito Santillana de la provincia de Huanta, departamento de Ayacucho.;;;;;;;;;;
8/ Según Ley N° 31135 publicado en el diario oficial El Peruano el 9 de marzo 2021, se creó el distrito de Río Magdalena, proveniente del distrito Samugari de la provincia La Mar, departamento de Ayacucho.;;;;;;;;;;
9/ Según Ley N° 31137 publicado en el diario oficial El Peruano el 16 de marzo 2021, se creó el distrito de Ninabamba, proveniente del distrito San Miguel de la provincia La Mar, departamento de Ayacucho.;;;;;;;;;;
10/ Según Ley N° 31138 publicado en el diario oficial El Peruano el 16 de marzo 2021, se creó el distrito de Patibamba, proveniente del distrito San Miguel de la provincia La Mar, departamento de Ayacucho.;;;;;;;;;;
11/ Según Ley N° 31141 publicado en el diario oficial El Peruano el 18 de marzo 2021, se creó el distrito de Boqueron, proveniente del distrito Padre Abad de la provincia del mismo nombre, departamento de Ucayali.;;;;;;;;;;
12/ Según Ley N° 31142 publicado en el diario oficial El Peruano el 18 de marzo 2021, se creó el distrito de Kumpirushiato, proveniente del distrito Echarate de la provincia La Convención, departamento de Cusco.;;;;;;;;;;
13/ Según Ley N° 31162 publicado en el diario oficial El Peruano el 07 de abril 2021, se creó el distrito de Cielo Punco, proveniente del distrito Kimbiri de la provincia La Convención, departamento de Cusco.;;;;;;;;;;
14/ Según Ley N° 31163 publicado en el diario oficial El Peruano el 07 de abril 2021, se creó el distrito de Manitea, proveniente del distrito Kimbiri de la provincia La Convención, departamento de Cusco.;;;;;;;;;;
15/ Según Ley Nº 31186 publicado en el diario oficial El Peruano el 02 de mayo 2021, se creó el distrito de Ahuayro, proveniente del distrito de Huaccana de la provincia de Chincheros, departamento de Apurímac.;;;;;;;;;;
16/ Según Ley Nº 31197 publicado en el diario oficial El Peruano el 18 de mayo 2021, se creó el distrito de Unión Asháninka, proveniente del distrito de Pichari de la provincia La Convención, departamento de Cusco.;;;;;;;;;;
17/ Según Ley Nº 31216 publicado en el diario oficial El Peruano el 15 de junio 2021, se creó el distrito de San Antonio, proveniente del distrito de Moquegua de la provincia de Mariscal Nieto, departamento de Moquegua.;;;;;;;;;;
18/ Según Ley N° 31664 publicado en el diario oficial El Peruano el 15 de diciembre 2022, se creó el distrito de Alto Trujillo, proveniente del distrito de El Porvenir, de la provincia de Trujillo, departamento de La Libertad. Asimismo, dicha ley define los nuevos ámbitos geograficos de los distritos de El Porvenir, La Esperanza y Florencia de Mora.;;;;;;;;;;
19/ De acuerdo a la Ley N° 31644 de creación del distrito de Alto Trujillo, este distrito recibe superficie del distrito de Huanchaco.;;;;;;;;;;
20/ Delimitación del distrito de Laredo y El Porvenir de acuerdo al D.S. 127-2022-PCM publicado en octubre 2022, aprueba el Reglamento de la Ley N° 31463 que establece un proceso excepcional para el saneamiento de límites a nivel nacional, se realizó la adecuación según la información remitida por la Secretaria de Demarcación y  Organización Territorial – SDOT de la Presidencia del Consejo de Ministros.;;;;;;;;;;
21/ En octubre de 2024, los distritos de Bella Unión y Acarí, pertenecientes a la provincia de Caravelí, en el departamento de Arequipa, experimentaron modificaciones en la distribución del número de centros poblados, lo que impactó los volúmenes de población. Estas adecuaciones se realizaron conforme a la Ley N° 12450, que establece la creación del distrito de Bella Unión, y se ejecutaron en coordinación con el Gobierno Regional de Arequipa, siguiendo procedimientos técnicos y normativos establecidos para el saneamiento de límites territoriales.;;;;;;;;;;
22/ Según Ley Nº 32403 publicado en el diario oficial El Peruano el 3 de julio 2025, se creó el distrito de Santa Rosa de Loreto, proveniente del distrito Yavarí de la provincia de Mariscal Ramón Castilla, departamento de Loreto.;;;;;;;;;;
Fuente: Instituto Nacional de Estadística e Informática.;;;;;;;;;;
